event_id,user_id,department,resource_id,sensitivity,network_zone,ground_truth_label,anomaly_type,risk_score_pre,risk_score_post,decision_pre,decision_post
evt-010352,IT-003,IT Security,RES-020,Internal,corporate,normal,,0,1,allowed,allowed
evt-010329,IT-003,IT Security,RES-013,Confidential,vpn,normal,,0,0,allowed,allowed
evt-010315,IT-002,IT Security,RES-013,Confidential,corporate,normal,,0,0,allowed,allowed
evt-010430,IT-006,IT Security,RES-020,Internal,vpn,normal,,0,0,allowed,allowed
evt-010343,IT-003,IT Security,RES-014,Confidential,vpn,normal,,0,0,allowed,allowed
evt-010361,IT-004,IT Security,RES-006,Privileged,corporate,normal,,0,1,allowed,allowed
evt-010383,IT-005,IT Security,RES-013,Confidential,vpn,normal,,0,0,allowed,allowed
evt-010409,IT-005,IT Security,RES-026,Public,vpn,normal,,0,0,allowed,allowed
evt-010295,IT-002,IT Security,RES-013,Confidential,corporate,normal,,0,0,allowed,allowed
evt-010484,IT-008,IT Security,RES-001,Privileged,vpn,normal,,0,0,allowed,allowed
evt-010478,IT-008,IT Security,RES-026,Public,vpn,normal,,0,0,allowed,allowed
evt-010332,IT-003,IT Security,RES-021,Internal,corporate,normal,,0,0,allowed,allowed
evt-010129,CA-003,Clinical,RES-001,Privileged,external,anomalous,off_hours_privileged,99,99,flagged,flagged
evt-010494,IT-008,IT Security,RES-020,Internal,vpn,normal,,0,0,allowed,allowed
evt-010278,IT-001,IT Security,RES-010,Confidential,corporate,normal,,0,0,allowed,allowed
evt-010337,IT-003,IT Security,RES-026,Public,vpn,normal,,0,0,allowed,allowed
evt-010451,IT-007,IT Security,RES-014,Confidential,vpn,normal,,0,0,allowed,allowed
evt-010279,IT-001,IT Security,RES-013,Confidential,corporate,normal,,0,0,allowed,allowed
evt-010476,IT-007,IT Security,RES-013,Confidential,corporate,normal,,0,0,allowed,allowed
evt-010261,IT-001,IT Security,RES-001,Privileged,corporate,normal,,1,1,allowed,allowed
evt-010345,IT-003,IT Security,RES-014,Confidential,vpn,normal,,0,0,allowed,allowed
evt-010407,IT-005,IT Security,RES-026,Public,vpn,normal,,0,0,allowed,allowed
evt-010450,IT-007,IT Security,RES-026,Public,corporate,normal,,0,0,allowed,allowed
evt-010320,IT-002,IT Security,RES-007,Privileged,corporate,normal,,0,0,allowed,allowed
evt-010431,IT-006,IT Security,RES-007,Privileged,vpn,normal,,0,0,allowed,allowed
evt-010460,IT-007,IT Security,RES-014,Confidential,vpn,normal,,0,0,allowed,allowed
evt-010461,IT-007,IT Security,RES-006,Privileged,vpn,normal,,0,0,allowed,allowed
evt-010309,IT-002,IT Security,RES-014,Confidential,corporate,normal,,0,0,allowed,allowed
evt-010335,IT-003,IT Security,RES-013,Confidential,corporate,anomalous,bulk_data_exfiltration,96,96,flagged,flagged
evt-010088,CA-001,Clinical,RES-001,Privileged,corporate,anomalous,off_hours_privileged,100,100,flagged,flagged
evt-010116,CA-002,Clinical,RES-003,Privileged,corporate,anomalous,off_hours_privileged,97,97,flagged,flagged
evt-010268,IT-001,IT Security,RES-020,Internal,corporate,normal,,0,1,allowed,allowed
evt-010233,CA-008,Clinical,RES-001,Privileged,corporate,anomalous,off_hours_privileged,100,100,flagged,flagged
evt-010318,IT-002,IT Security,RES-014,Confidential,corporate,normal,,0,0,allowed,allowed
evt-010400,IT-005,IT Security,RES-014,Confidential,vpn,normal,,0,0,allowed,allowed
evt-010289,IT-002,IT Security,RES-023,Internal,corporate,normal,,0,0,allowed,allowed
evt-010495,IT-008,IT Security,RES-013,Confidential,vpn,anomalous,first_seen_device_sensitive,48,48,allowed,allowed
evt-010174,CA-006,Clinical,RES-001,Privileged,vpn,anomalous,off_hours_privileged,100,100,flagged,flagged
evt-010277,IT-001,IT Security,RES-013,Confidential,corporate,anomalous,first_seen_device_sensitive,44,44,allowed,allowed
evt-010425,IT-006,IT Security,RES-006,Privileged,vpn,normal,,0,0,allowed,allowed
evt-010280,IT-001,IT Security,RES-013,Confidential,corporate,normal,,0,0,allowed,allowed
evt-010463,IT-007,IT Security,RES-007,Privileged,corporate,normal,,0,0,allowed,allowed
evt-010356,IT-003,IT Security,RES-007,Privileged,corporate,anomalous,bulk_data_exfiltration,99,99,flagged,flagged
evt-010455,IT-007,IT Security,RES-004,Privileged,vpn,normal,,0,0,allowed,allowed
evt-010489,IT-008,IT Security,RES-021,Internal,vpn,normal,,0,0,allowed,allowed
evt-010339,IT-003,IT Security,RES-007,Privileged,corporate,anomalous,bulk_data_exfiltration,99,99,flagged,flagged
evt-010313,IT-002,IT Security,RES-001,Privileged,corporate,normal,,1,4,allowed,allowed
evt-009971,HR-001,HR,RES-004,Privileged,corporate,anomalous,off_hours_privileged,100,100,flagged,flagged
evt-010367,IT-004,IT Security,RES-014,Confidential,corporate,normal,,0,1,allowed,allowed
evt-010349,IT-003,IT Security,RES-020,Internal,corporate,normal,,0,1,allowed,allowed
evt-010281,IT-001,IT Security,RES-020,Internal,corporate,normal,,0,0,allowed,allowed
evt-010449,IT-007,IT Security,RES-010,Confidential,corporate,normal,,0,1,allowed,allowed
evt-010266,IT-001,IT Security,RES-023,Internal,corporate,normal,,0,0,allowed,allowed
evt-010264,IT-001,IT Security,RES-026,Public,corporate,normal,,0,1,allowed,allowed
evt-010444,IT-006,IT Security,RES-013,Confidential,vpn,normal,,0,0,allowed,allowed
evt-010466,IT-007,IT Security,RES-014,Confidential,vpn,normal,,0,0,allowed,allowed
evt-010465,IT-007,IT Security,RES-017,Internal,corporate,normal,,0,0,allowed,allowed
evt-010395,IT-005,IT Security,RES-026,Public,vpn,normal,,0,0,allowed,allowed
evt-010378,IT-004,IT Security,RES-006,Privileged,corporate,normal,,0,1,allowed,allowed
evt-010424,IT-006,IT Security,RES-001,Privileged,vpn,normal,,1,1,allowed,allowed
evt-010490,IT-008,IT Security,RES-014,Confidential,vpn,normal,,0,0,allowed,allowed
evt-010258,IT-001,IT Security,RES-013,Confidential,corporate,normal,,0,0,allowed,allowed
evt-010375,IT-004,IT Security,RES-007,Privileged,corporate,normal,,0,1,allowed,allowed
evt-010396,IT-005,IT Security,RES-007,Privileged,vpn,normal,,0,0,allowed,allowed
evt-010317,IT-002,IT Security,RES-020,Internal,corporate,normal,,0,2,allowed,allowed
evt-010394,IT-005,IT Security,RES-020,Internal,vpn,normal,,0,0,allowed,allowed
evt-010319,IT-002,IT Security,RES-004,Privileged,corporate,normal,,1,3,allowed,allowed
evt-010255,IT-001,IT Security,RES-013,Confidential,corporate,normal,,0,0,allowed,allowed
evt-010368,IT-004,IT Security,RES-021,Internal,corporate,normal,,0,2,allowed,allowed
evt-010316,IT-002,IT Security,RES-010,Confidential,corporate,normal,,0,1,allowed,allowed
evt-010403,IT-005,IT Security,RES-023,Internal,vpn,normal,,0,0,allowed,allowed
evt-010299,IT-002,IT Security,RES-013,Confidential,corporate,normal,,0,0,allowed,allowed
evt-010399,IT-005,IT Security,RES-020,Internal,vpn,normal,,0,0,allowed,allowed
evt-010265,IT-001,IT Security,RES-020,Internal,corporate,normal,,0,1,allowed,allowed
evt-010273,IT-001,IT Security,RES-004,Privileged,corporate,normal,,1,1,allowed,allowed
evt-009563,ENG-005,Engineering,RES-011,Confidential,vpn,normal,,0,0,allowed,allowed
evt-010163,CA-005,Clinical,RES-025,Public,corporate,normal,,0,7,allowed,allowed
evt-010095,CA-001,Clinical,RES-002,Privileged,corporate,normal,,4,16,allowed,allowed
evt-009484,ENG-001,Engineering,RES-026,Public,vpn,normal,,0,0,allowed,allowed
evt-009678,ENG-009,Engineering,RES-018,Internal,corporate,normal,,0,1,allowed,allowed
evt-010091,CA-001,Clinical,RES-002,Privileged,corporate,normal,,1,15,allowed,allowed
evt-010150,CA-004,Clinical,RES-023,Internal,external,normal,,3,3,allowed,allowed
evt-010220,CA-007,Clinical,RES-001,Privileged,corporate,normal,,4,12,allowed,allowed
evt-009631,ENG-007,Engineering,RES-022,Internal,vpn,normal,,0,0,allowed,allowed
evt-010236,CA-008,Clinical,RES-026,Public,corporate,normal,,0,4,allowed,allowed
evt-009607,ENG-006,Engineering,RES-026,Public,corporate,normal,,0,4,allowed,allowed
evt-010133,CA-003,Clinical,RES-003,Privileged,external,normal,,28,28,allowed,allowed
evt-009762,ENG-013,Engineering,RES-026,Public,vpn,normal,,0,0,allowed,allowed
evt-009476,ENG-001,Engineering,RES-019,Internal,vpn,normal,,0,0,allowed,allowed
evt-010597,EX-002,Executive,RES-009,Confidential,corporate,normal,,1,4,allowed,allowed
evt-009477,ENG-001,Engineering,RES-021,Internal,vpn,normal,,0,0,allowed,allowed
evt-009610,ENG-006,Engineering,RES-023,Internal,corporate,normal,,0,3,allowed,allowed
evt-010176,CA-006,Clinical,RES-023,Internal,vpn,normal,,0,0,allowed,allowed
evt-009735,ENG-012,Engineering,RES-026,Public,vpn,normal,,0,0,allowed,allowed
evt-010165,CA-005,Clinical,RES-002,Privileged,corporate,anomalous,first_seen_device_sensitive,70,70,flagged,flagged
evt-010208,CA-007,Clinical,RES-022,Internal,corporate,normal,,0,3,allowed,allowed
evt-009665,ENG-009,Engineering,RES-023,Internal,corporate,normal,,0,3,allowed,allowed
evt-009570,ENG-005,Engineering,RES-025,Public,vpn,normal,,0,0,allowed,allowed
evt-009626,ENG-007,Engineering,RES-017,Internal,vpn,normal,,0,0,allowed,allowed
evt-009504,ENG-002,Engineering,RES-017,Internal,corporate,normal,,0,1,allowed,allowed
evt-009553,ENG-004,Engineering,RES-023,Internal,corporate,normal,,0,3,allowed,allowed
evt-009566,ENG-005,Engineering,RES-022,Internal,vpn,normal,,0,0,allowed,allowed
evt-010215,CA-007,Clinical,RES-022,Internal,corporate,normal,,0,3,allowed,allowed
evt-009544,ENG-004,Engineering,RES-010,Confidential,corporate,normal,,0,3,allowed,allowed
evt-009604,ENG-006,Engineering,RES-023,Internal,corporate,normal,,0,1,allowed,allowed
evt-009650,ENG-008,Engineering,RES-026,Public,vpn,normal,,0,0,allowed,allowed
evt-010594,EX-002,Executive,RES-021,Internal,corporate,normal,,0,1,allowed,allowed
evt-009538,ENG-003,Engineering,RES-017,Internal,corporate,normal,,0,1,allowed,allowed
evt-009482,ENG-001,Engineering,RES-018,Internal,vpn,normal,,0,0,allowed,allowed
evt-010581,EX-001,Executive,RES-025,Public,vpn,normal,,0,0,allowed,allowed
evt-009699,ENG-010,Engineering,RES-022,Internal,corporate,normal,,0,6,allowed,allowed
evt-009539,ENG-003,Engineering,RES-017,Internal,corporate,normal,,0,19,allowed,allowed
evt-010158,CA-005,Clinical,RES-026,Public,corporate,normal,,0,69,allowed,flagged
evt-009747,ENG-012,Engineering,RES-012,Confidential,vpn,normal,,0,0,allowed,allowed
evt-010110,CA-002,Clinical,RES-026,Public,corporate,normal,,0,28,allowed,allowed
evt-009684,ENG-009,Engineering,RES-026,Public,corporate,normal,,0,16,allowed,allowed
evt-010204,CA-007,Clinical,RES-022,Internal,corporate,normal,,0,36,allowed,allowed
evt-009754,ENG-013,Engineering,RES-019,Internal,vpn,normal,,0,0,allowed,allowed
evt-009593,ENG-006,Engineering,RES-017,Internal,corporate,normal,,0,16,allowed,allowed
evt-010182,CA-006,Clinical,RES-026,Public,vpn,normal,,0,0,allowed,allowed
evt-009514,ENG-002,Engineering,RES-012,Confidential,corporate,normal,,0,4,allowed,allowed
evt-010214,CA-007,Clinical,RES-025,Public,corporate,normal,,0,35,allowed,allowed
evt-009489,ENG-001,Engineering,RES-025,Public,vpn,normal,,0,0,allowed,allowed
evt-009758,ENG-013,Engineering,RES-010,Confidential,vpn,normal,,0,0,allowed,allowed
evt-009786,ENG-014,Engineering,RES-004,Privileged,corporate,anomalous,unusual_resource_for_role,100,100,flagged,flagged
evt-010584,EX-001,Executive,RES-026,Public,corporate,normal,,0,7,allowed,allowed
evt-009557,ENG-004,Engineering,RES-026,Public,corporate,normal,,0,18,allowed,allowed
evt-009486,ENG-001,Engineering,RES-026,Public,vpn,normal,,0,0,allowed,allowed
evt-010591,EX-002,Executive,RES-026,Public,corporate,normal,,0,7,allowed,allowed
evt-009629,ENG-007,Engineering,RES-021,Internal,vpn,normal,,0,0,allowed,allowed
evt-010139,CA-004,Clinical,RES-026,Public,corporate,normal,,0,19,allowed,allowed
evt-009608,ENG-006,Engineering,RES-017,Internal,corporate,normal,,0,4,allowed,allowed
evt-009578,ENG-005,Engineering,RES-017,Internal,vpn,normal,,0,0,allowed,allowed
evt-010196,CA-006,Clinical,RES-021,Internal,vpn,normal,,0,0,allowed,allowed
evt-009680,ENG-009,Engineering,RES-023,Internal,corporate,normal,,0,8,allowed,allowed
evt-009657,ENG-008,Engineering,RES-017,Internal,corporate,normal,,0,1,allowed,allowed
evt-009715,ENG-011,Engineering,RES-017,Internal,vpn,normal,,0,0,allowed,allowed
evt-009633,ENG-007,Engineering,RES-022,Internal,vpn,normal,,0,0,allowed,allowed
evt-009713,ENG-011,Engineering,RES-025,Public,vpn,normal,,0,0,allowed,allowed
evt-010135,CA-003,Clinical,RES-025,Public,corporate,normal,,0,26,allowed,allowed
evt-009503,ENG-002,Engineering,RES-017,Internal,external,anomalous,impossible_travel,8,8,allowed,allowed
evt-010237,CA-008,Clinical,RES-023,Internal,corporate,normal,,0,36,allowed,allowed
evt-009791,ENG-014,Engineering,RES-010,Confidential,corporate,normal,,0,5,allowed,allowed
evt-010438,IT-006,IT Security,RES-017,Internal,vpn,normal,,0,0,allowed,allowed
evt-009543,ENG-004,Engineering,RES-017,Internal,corporate,normal,,0,5,allowed,allowed
evt-010089,CA-001,Clinical,RES-001,Privileged,corporate,normal,,0,26,allowed,allowed
evt-010197,CA-007,Clinical,RES-025,Public,corporate,normal,,0,53,allowed,flagged
evt-009709,ENG-011,Engineering,RES-025,Public,vpn,normal,,0,0,allowed,allowed
evt-010588,EX-001,Executive,RES-015,Confidential,external,normal,,22,22,allowed,allowed
evt-009606,ENG-006,Engineering,RES-022,Internal,corporate,normal,,0,5,allowed,allowed
evt-010355,IT-003,IT Security,RES-014,Confidential,corporate,anomalous,first_seen_device_sensitive,96,96,flagged,flagged
evt-010096,CA-001,Clinical,RES-021,Internal,corporate,normal,,0,31,allowed,allowed
evt-009635,ENG-008,Engineering,RES-023,Internal,corporate,normal,,0,4,allowed,allowed
evt-009483,ENG-001,Engineering,RES-017,Internal,vpn,normal,,0,0,allowed,allowed
evt-010100,CA-002,Clinical,RES-021,Internal,corporate,normal,,0,20,allowed,allowed
evt-010226,CA-008,Clinical,RES-021,Internal,corporate,normal,,0,35,allowed,allowed
evt-009700,ENG-010,Engineering,RES-025,Public,vpn,normal,,0,0,allowed,allowed
evt-009512,ENG-002,Engineering,RES-025,Public,corporate,normal,,0,29,allowed,allowed
evt-009739,ENG-012,Engineering,RES-010,Confidential,vpn,normal,,0,0,allowed,allowed
evt-009517,ENG-002,Engineering,RES-022,Internal,corporate,normal,,0,19,allowed,allowed
evt-010342,IT-003,IT Security,RES-007,Privileged,vpn,normal,,0,0,allowed,allowed
evt-009632,ENG-007,Engineering,RES-019,Internal,vpn,normal,,0,0,allowed,allowed
evt-010442,IT-006,IT Security,RES-006,Privileged,vpn,normal,,0,0,allowed,allowed
evt-009527,ENG-003,Engineering,RES-021,Internal,corporate,normal,,0,19,allowed,allowed
evt-010143,CA-004,Clinical,RES-023,Internal,external,normal,,27,27,allowed,allowed
evt-009773,ENG-014,Engineering,RES-018,Internal,corporate,normal,,0,4,allowed,allowed
evt-009784,ENG-014,Engineering,RES-010,Confidential,external,anomalous,impossible_travel,6,6,allowed,allowed
evt-010293,IT-002,IT Security,RES-026,Public,corporate,normal,,0,1,allowed,allowed
evt-009659,ENG-008,Engineering,RES-019,Internal,vpn,normal,,0,0,allowed,allowed
evt-010177,CA-006,Clinical,RES-002,Privileged,vpn,normal,,0,0,allowed,allowed
evt-010366,IT-004,IT Security,RES-017,Internal,corporate,normal,,0,5,allowed,allowed
evt-009536,ENG-003,Engineering,RES-023,Internal,corporate,normal,,0,6,allowed,allowed
evt-009658,ENG-008,Engineering,RES-019,Internal,corporate,normal,,0,7,allowed,allowed
evt-010593,EX-002,Executive,RES-005,Privileged,corporate,anomalous,privilege_escalation,100,100,flagged,flagged
evt-009764,ENG-013,Engineering,RES-017,Internal,vpn,normal,,0,0,allowed,allowed
evt-009759,ENG-013,Engineering,RES-021,Internal,vpn,normal,,0,0,allowed,allowed
evt-009585,ENG-005,Engineering,RES-018,Internal,vpn,normal,,0,0,allowed,allowed
evt-010206,CA-007,Clinical,RES-002,Privileged,corporate,normal,,0,12,allowed,allowed
evt-009675,ENG-009,Engineering,RES-025,Public,corporate,normal,,0,17,allowed,allowed
evt-010238,CA-008,Clinical,RES-001,Privileged,corporate,normal,,0,29,allowed,allowed
evt-009515,ENG-002,Engineering,RES-018,Internal,corporate,normal,,0,28,allowed,allowed
evt-010180,CA-006,Clinical,RES-022,Internal,vpn,normal,,0,0,allowed,allowed
evt-010353,IT-003,IT Security,RES-006,Privileged,vpn,normal,,0,0,allowed,allowed
evt-009645,ENG-008,Engineering,RES-021,Internal,vpn,normal,,0,0,allowed,allowed
evt-009654,ENG-008,Engineering,RES-017,Internal,corporate,normal,,0,1,allowed,allowed
evt-010232,CA-008,Clinical,RES-002,Privileged,corporate,normal,,0,19,allowed,allowed
evt-010587,EX-001,Executive,RES-009,Confidential,external,normal,,17,17,allowed,allowed
evt-010184,CA-006,Clinical,RES-001,Privileged,vpn,normal,,0,0,allowed,allowed
evt-010106,CA-002,Clinical,RES-021,Internal,corporate,normal,,0,20,allowed,allowed
evt-010359,IT-004,IT Security,RES-014,Confidential,corporate,normal,,0,2,allowed,allowed
evt-009741,ENG-012,Engineering,RES-021,Internal,vpn,normal,,0,0,allowed,allowed
evt-010205,CA-007,Clinical,RES-023,Internal,corporate,normal,,0,21,allowed,allowed
evt-010153,CA-004,Clinical,RES-026,Public,corporate,normal,,0,16,allowed,allowed
evt-009485,ENG-001,Engineering,RES-010,Confidential,vpn,normal,,0,0,allowed,allowed
evt-009774,ENG-014,Engineering,RES-019,Internal,corporate,normal,,0,7,allowed,allowed
evt-009687,ENG-009,Engineering,RES-011,Confidential,corporate,normal,,0,5,allowed,allowed
evt-010168,CA-005,Clinical,RES-002,Privileged,corporate,normal,,0,19,allowed,allowed
evt-009556,ENG-004,Engineering,RES-018,Internal,corporate,normal,,0,12,allowed,allowed
evt-010435,IT-006,IT Security,RES-006,Privileged,vpn,normal,,0,0,allowed,allowed
evt-009581,ENG-005,Engineering,RES-018,Internal,vpn,normal,,0,0,allowed,allowed
evt-009673,ENG-009,Engineering,RES-023,Internal,corporate,normal,,0,4,allowed,allowed
evt-010306,IT-002,IT Security,RES-013,Confidential,corporate,normal,,0,0,allowed,allowed
evt-009777,ENG-014,Engineering,RES-019,Internal,corporate,normal,,0,7,allowed,allowed
evt-009647,ENG-008,Engineering,RES-026,Public,vpn,normal,,0,0,allowed,allowed
evt-009686,ENG-009,Engineering,RES-017,Internal,corporate,normal,,0,4,allowed,allowed
evt-010186,CA-006,Clinical,RES-001,Privileged,vpn,normal,,0,0,allowed,allowed
evt-009662,ENG-009,Engineering,RES-022,Internal,corporate,normal,,0,4,allowed,allowed
evt-009664,ENG-009,Engineering,RES-010,Confidential,corporate,normal,,0,3,allowed,allowed
evt-010380,IT-005,IT Security,RES-006,Privileged,vpn,normal,,0,0,allowed,allowed
evt-009698,ENG-010,Engineering,RES-017,Internal,vpn,normal,,0,0,allowed,allowed
evt-009641,ENG-008,Engineering,RES-025,Public,corporate,normal,,0,9,allowed,allowed
evt-010234,CA-008,Clinical,RES-025,Public,corporate,normal,,0,53,allowed,flagged
evt-010235,CA-008,Clinical,RES-003,Privileged,corporate,normal,,0,29,allowed,allowed
evt-009480,ENG-001,Engineering,RES-021,Internal,vpn,normal,,0,0,allowed,allowed
evt-009695,ENG-010,Engineering,RES-017,Internal,corporate,normal,,0,4,allowed,allowed
evt-010181,CA-006,Clinical,RES-003,Privileged,vpn,normal,,0,0,allowed,allowed
evt-010172,CA-005,Clinical,RES-002,Privileged,corporate,normal,,0,28,allowed,allowed
evt-010207,CA-007,Clinical,RES-021,Internal,corporate,normal,,0,27,allowed,allowed
evt-009734,ENG-012,Engineering,RES-017,Internal,external,normal,,0,0,allowed,allowed
evt-010130,CA-003,Clinical,RES-001,Privileged,corporate,normal,,0,28,allowed,allowed
evt-009540,ENG-003,Engineering,RES-018,Internal,corporate,normal,,0,15,allowed,allowed
evt-009776,ENG-014,Engineering,RES-017,Internal,corporate,normal,,0,3,allowed,allowed
evt-010123,CA-003,Clinical,RES-003,Privileged,corporate,normal,,0,12,allowed,allowed
evt-010159,CA-005,Clinical,RES-026,Public,corporate,normal,,0,29,allowed,allowed
evt-009513,ENG-002,Engineering,RES-022,Internal,corporate,normal,,0,6,allowed,allowed
evt-009703,ENG-010,Engineering,RES-021,Internal,vpn,normal,,0,0,allowed,allowed
evt-009491,ENG-001,Engineering,RES-022,Internal,vpn,normal,,0,0,allowed,allowed
evt-009496,ENG-001,Engineering,RES-017,Internal,vpn,normal,,0,0,allowed,allowed
evt-010094,CA-001,Clinical,RES-001,Privileged,corporate,normal,,0,22,allowed,allowed
evt-009795,ENG-014,Engineering,RES-021,Internal,corporate,normal,,0,12,allowed,allowed
evt-010477,IT-008,IT Security,RES-013,Confidential,vpn,normal,,0,0,allowed,allowed
evt-009618,ENG-007,Engineering,RES-010,Confidential,vpn,normal,,0,0,allowed,allowed
evt-010190,CA-006,Clinical,RES-025,Public,vpn,normal,,0,0,allowed,allowed
evt-009541,ENG-003,Engineering,RES-018,Internal,corporate,normal,,0,15,allowed,allowed
evt-010045,HR-006,HR,RES-023,Internal,corporate,normal,,0,3,allowed,allowed
evt-009917,FIN-007,Finance,RES-006,Privileged,corporate,anomalous,privilege_escalation,100,100,flagged,flagged
evt-009911,FIN-006,Finance,RES-011,Confidential,corporate,normal,,1,1,allowed,allowed
evt-010074,HR-007,HR,RES-025,Public,corporate,normal,,0,7,allowed,allowed
evt-010305,IT-002,IT Security,RES-013,Confidential,corporate,normal,,0,0,allowed,allowed
evt-009938,FIN-008,Finance,RES-009,Confidential,external,normal,,6,6,allowed,allowed
evt-009966,HR-001,HR,RES-004,Privileged,corporate,normal,,1,15,allowed,allowed
evt-009868,FIN-004,Finance,RES-022,Internal,corporate,normal,,0,3,allowed,allowed
evt-009801,FIN-001,Finance,RES-011,Confidential,corporate,normal,,1,1,allowed,allowed
evt-009908,FIN-006,Finance,RES-025,Public,external,normal,,7,7,allowed,allowed
evt-010059,HR-006,HR,RES-027,Public,corporate,normal,,0,4,allowed,allowed
evt-009954,HR-001,HR,RES-021,Internal,corporate,normal,,0,3,allowed,allowed
evt-010001,HR-003,HR,RES-026,Public,corporate,normal,,0,8,allowed,allowed
evt-010007,HR-003,HR,RES-023,Internal,corporate,normal,,0,28,allowed,allowed
evt-009866,FIN-004,Finance,RES-026,Public,corporate,normal,,0,4,allowed,allowed
evt-009893,FIN-006,Finance,RES-012,Confidential,corporate,normal,,0,17,allowed,allowed
evt-010085,HR-007,HR,RES-021,Internal,corporate,normal,,0,28,allowed,allowed
evt-009851,FIN-003,Finance,RES-011,Confidential,corporate,normal,,0,1,allowed,allowed
evt-009525,ENG-003,Engineering,RES-017,Internal,corporate,normal,,0,26,allowed,allowed
evt-009906,FIN-006,Finance,RES-011,Confidential,corporate,normal,,0,1,allowed,allowed
evt-009941,FIN-008,Finance,RES-009,Confidential,external,normal,,19,19,allowed,allowed
evt-010070,HR-007,HR,RES-021,Internal,corporate,normal,,0,28,allowed,allowed
evt-009520,ENG-003,Engineering,RES-017,Internal,corporate,normal,,0,26,allowed,allowed
evt-009679,ENG-009,Engineering,RES-021,Internal,corporate,normal,,0,22,allowed,allowed
evt-010090,CA-001,Clinical,RES-001,Privileged,corporate,normal,,0,35,allowed,allowed
evt-009772,ENG-014,Engineering,RES-022,Internal,corporate,normal,,0,26,allowed,allowed
evt-010055,HR-006,HR,RES-026,Public,corporate,normal,,0,29,allowed,allowed
evt-009727,ENG-012,Engineering,RES-017,Internal,corporate,normal,,0,7,allowed,allowed
evt-009872,FIN-004,Finance,RES-025,Public,corporate,normal,,0,26,allowed,allowed
evt-009925,FIN-007,Finance,RES-006,Privileged,corporate,anomalous,privilege_escalation,100,100,flagged,flagged
evt-010152,CA-004,Clinical,RES-022,Internal,external,normal,,29,29,allowed,allowed
evt-009575,ENG-005,Engineering,RES-019,Internal,vpn,normal,,0,0,allowed,allowed
evt-009523,ENG-003,Engineering,RES-017,Internal,corporate,normal,,0,19,allowed,allowed
evt-009586,ENG-005,Engineering,RES-025,Public,vpn,normal,,0,0,allowed,allowed
evt-010167,CA-005,Clinical,RES-001,Privileged,corporate,normal,,0,63,allowed,flagged
evt-010164,CA-005,Clinical,RES-001,Privileged,corporate,normal,,0,67,allowed,flagged
evt-009746,ENG-012,Engineering,RES-021,Internal,external,normal,,19,19,allowed,allowed
evt-009969,HR-001,HR,RES-022,Internal,corporate,normal,,0,26,allowed,allowed
evt-010084,HR-007,HR,RES-005,Privileged,corporate,normal,,0,29,allowed,allowed
evt-010404,IT-005,IT Security,RES-007,Privileged,vpn,normal,,0,0,allowed,allowed
evt-009555,ENG-004,Engineering,RES-011,Confidential,corporate,normal,,0,16,allowed,allowed
evt-009831,FIN-002,Finance,RES-011,Confidential,vpn,normal,,0,0,allowed,allowed
evt-010188,CA-006,Clinical,RES-003,Privileged,vpn,normal,,0,0,allowed,allowed
evt-009692,ENG-010,Engineering,RES-017,Internal,vpn,normal,,0,0,allowed,allowed
evt-009596,ENG-006,Engineering,RES-011,Confidential,corporate,normal,,0,15,allowed,allowed
evt-010247,IT-001,IT Security,RES-020,Internal,corporate,normal,,0,1,allowed,allowed
evt-010354,IT-003,IT Security,RES-026,Public,corporate,normal,,0,5,allowed,allowed
evt-010302,IT-002,IT Security,RES-010,Confidential,corporate,normal,,0,3,allowed,allowed
evt-009815,FIN-001,Finance,RES-024,Internal,corporate,normal,,0,28,allowed,allowed
evt-010589,EX-001,Executive,RES-026,Public,external,normal,,19,19,allowed,allowed
evt-009751,ENG-012,Engineering,RES-017,Internal,external,normal,,16,16,allowed,allowed
evt-010161,CA-005,Clinical,RES-022,Internal,corporate,normal,,0,68,allowed,flagged
evt-009574,ENG-005,Engineering,RES-026,Public,vpn,normal,,0,0,allowed,allowed
evt-010078,HR-007,HR,RES-026,Public,corporate,normal,,0,62,allowed,flagged
evt-009763,ENG-013,Engineering,RES-022,Internal,vpn,normal,,0,0,allowed,allowed
evt-009794,ENG-014,Engineering,RES-018,Internal,corporate,normal,,0,28,allowed,allowed
evt-010118,CA-003,Clinical,RES-026,Public,corporate,normal,,0,29,allowed,allowed
evt-010101,CA-002,Clinical,RES-025,Public,corporate,normal,,0,35,allowed,allowed
evt-010459,IT-007,IT Security,RES-006,Privileged,corporate,normal,,0,15,allowed,allowed
evt-009712,ENG-011,Engineering,RES-018,Internal,vpn,normal,,0,0,allowed,allowed
evt-010137,CA-004,Clinical,RES-026,Public,external,normal,,19,19,allowed,allowed
evt-010468,IT-007,IT Security,RES-010,Confidential,corporate,normal,,0,3,allowed,allowed
evt-009826,FIN-002,Finance,RES-011,Confidential,vpn,normal,,0,0,allowed,allowed
evt-010199,CA-007,Clinical,RES-022,Internal,corporate,normal,,0,48,allowed,allowed
evt-010248,IT-001,IT Security,RES-026,Public,corporate,normal,,0,1,allowed,allowed
evt-009885,FIN-005,Finance,RES-012,Confidential,corporate,anomalous,bulk_data_exfiltration,72,72,flagged,flagged
evt-009595,ENG-006,Engineering,RES-018,Internal,corporate,normal,,0,63,allowed,flagged
evt-010136,CA-004,Clinical,RES-002,Privileged,corporate,normal,,0,26,allowed,allowed
evt-009749,ENG-012,Engineering,RES-021,Internal,corporate,normal,,0,19,allowed,allowed
evt-010120,CA-003,Clinical,RES-025,Public,corporate,normal,,0,27,allowed,allowed
evt-009761,ENG-013,Engineering,RES-022,Internal,vpn,normal,,0,0,allowed,allowed
evt-009708,ENG-011,Engineering,RES-023,Internal,vpn,normal,,0,0,allowed,allowed
evt-009542,ENG-004,Engineering,RES-019,Internal,corporate,normal,,0,35,allowed,allowed
evt-010462,IT-007,IT Security,RES-023,Internal,corporate,normal,,0,7,allowed,allowed
evt-009797,FIN-001,Finance,RES-025,Public,corporate,normal,,0,26,allowed,allowed
evt-009509,ENG-002,Engineering,RES-017,Internal,corporate,normal,,0,17,allowed,allowed
evt-009598,ENG-006,Engineering,RES-017,Internal,corporate,normal,,0,19,allowed,allowed
evt-009942,FIN-008,Finance,RES-022,Internal,external,normal,,19,19,allowed,allowed
evt-010000,HR-003,HR,RES-026,Public,corporate,normal,,0,42,allowed,allowed
evt-009642,ENG-008,Engineering,RES-022,Internal,corporate,normal,,0,26,allowed,allowed
evt-009847,FIN-003,Finance,RES-023,Internal,corporate,normal,,0,8,allowed,allowed
evt-009702,ENG-010,Engineering,RES-017,Internal,vpn,normal,,0,0,allowed,allowed
evt-009824,FIN-002,Finance,RES-021,Internal,vpn,normal,,0,0,allowed,allowed
evt-009716,ENG-011,Engineering,RES-012,Confidential,vpn,normal,,0,0,allowed,allowed
evt-010224,CA-008,Clinical,RES-026,Public,corporate,normal,,0,28,allowed,allowed
evt-010228,CA-008,Clinical,RES-022,Internal,corporate,normal,,0,29,allowed,allowed
evt-009590,ENG-006,Engineering,RES-018,Internal,corporate,normal,,0,29,allowed,allowed
evt-010079,HR-007,HR,RES-025,Public,corporate,normal,,0,94,allowed,flagged
evt-009901,FIN-006,Finance,RES-011,Confidential,external,normal,,19,19,allowed,allowed
evt-010310,IT-002,IT Security,RES-010,Confidential,corporate,normal,,0,1,allowed,allowed
evt-010480,IT-008,IT Security,RES-026,Public,vpn,normal,,0,0,allowed,allowed
evt-009671,ENG-009,Engineering,RES-012,Confidential,corporate,normal,,0,3,allowed,allowed
evt-009787,ENG-014,Engineering,RES-018,Internal,corporate,normal,,0,28,allowed,allowed
evt-009666,ENG-009,Engineering,RES-012,Confidential,corporate,normal,,0,4,allowed,allowed
evt-010592,EX-002,Executive,RES-005,Privileged,corporate,anomalous,privilege_escalation,100,100,flagged,flagged
evt-009995,HR-003,HR,RES-021,Internal,corporate,normal,,1,27,allowed,allowed
evt-010198,CA-007,Clinical,RES-026,Public,corporate,normal,,0,35,allowed,allowed
evt-009785,ENG-014,Engineering,RES-011,Confidential,corporate,normal,,0,13,allowed,allowed
evt-010131,CA-003,Clinical,RES-002,Privileged,corporate,normal,,0,28,allowed,allowed
evt-009783,ENG-014,Engineering,RES-018,Internal,corporate,normal,,0,26,allowed,allowed
evt-009497,ENG-001,Engineering,RES-025,Public,vpn,normal,,0,0,allowed,allowed
evt-010155,CA-004,Clinical,RES-009,Confidential,external,anomalous,unusual_resource_for_role,99,99,flagged,flagged
evt-010241,CA-008,Clinical,RES-022,Internal,corporate,normal,,0,36,allowed,allowed
evt-009738,ENG-012,Engineering,RES-025,Public,corporate,normal,,0,19,allowed,allowed
evt-010321,IT-002,IT Security,RES-007,Privileged,corporate,normal,,0,1,allowed,allowed
evt-010073,HR-007,HR,RES-025,Public,corporate,normal,,0,94,allowed,flagged
evt-010269,IT-001,IT Security,RES-023,Internal,corporate,normal,,0,3,allowed,allowed
evt-010469,IT-007,IT Security,RES-013,Confidential,vpn,normal,,0,0,allowed,allowed
evt-009782,ENG-014,Engineering,RES-022,Internal,corporate,normal,,0,19,allowed,allowed
evt-009822,FIN-002,Finance,RES-009,Confidential,vpn,normal,,0,0,allowed,allowed
evt-010020,HR-004,HR,RES-025,Public,corporate,normal,,0,53,allowed,flagged
evt-010148,CA-004,Clinical,RES-002,Privileged,corporate,normal,,0,29,allowed,allowed
evt-009565,ENG-005,Engineering,RES-011,Confidential,vpn,normal,,0,0,allowed,allowed
evt-009545,ENG-004,Engineering,RES-018,Internal,corporate,normal,,0,29,allowed,allowed
evt-009506,ENG-002,Engineering,RES-019,Internal,corporate,normal,,0,42,allowed,allowed
evt-009507,ENG-002,Engineering,RES-019,Internal,corporate,normal,,0,63,allowed,flagged
evt-009990,HR-002,HR,RES-023,Internal,corporate,normal,,0,26,allowed,allowed
evt-010183,CA-006,Clinical,RES-003,Privileged,vpn,normal,,0,0,allowed,allowed
evt-010032,HR-005,HR,RES-022,Internal,corporate,normal,,0,22,allowed,allowed
evt-010602,EX-002,Executive,RES-005,Privileged,corporate,anomalous,privilege_escalation,100,100,flagged,flagged
evt-009805,FIN-001,Finance,RES-024,Internal,corporate,normal,,0,19,allowed,allowed
evt-009874,FIN-005,Finance,RES-024,Internal,corporate,normal,,0,7,allowed,allowed
evt-010062,HR-006,HR,RES-004,Privileged,corporate,normal,,0,29,allowed,allowed
evt-009689,ENG-010,Engineering,RES-022,Internal,vpn,normal,,0,0,allowed,allowed
evt-009899,FIN-006,Finance,RES-009,Confidential,corporate,normal,,0,18,allowed,allowed
evt-010221,CA-007,Clinical,RES-002,Privileged,corporate,normal,,0,26,allowed,allowed
evt-010415,IT-005,IT Security,RES-013,Confidential,vpn,normal,,0,0,allowed,allowed
evt-010063,HR-006,HR,RES-004,Privileged,corporate,normal,,0,19,allowed,allowed
evt-009807,FIN-001,Finance,RES-009,Confidential,corporate,normal,,0,19,allowed,allowed
evt-009857,FIN-004,Finance,RES-024,Internal,corporate,normal,,0,19,allowed,allowed
evt-009863,FIN-004,Finance,RES-022,Internal,corporate,normal,,0,16,allowed,allowed
evt-009929,FIN-008,Finance,RES-011,Confidential,external,normal,,16,16,allowed,allowed
evt-009962,HR-001,HR,RES-026,Public,corporate,normal,,0,28,allowed,allowed
evt-009660,ENG-009,Engineering,RES-018,Internal,corporate,normal,,0,35,allowed,allowed
evt-009518,ENG-002,Engineering,RES-018,Internal,corporate,normal,,0,53,allowed,flagged
evt-010171,CA-005,Clinical,RES-026,Public,corporate,normal,,0,29,allowed,allowed
evt-009843,FIN-003,Finance,RES-026,Public,corporate,normal,,0,19,allowed,allowed
evt-009968,HR-001,HR,RES-017,Internal,corporate,anomalous,unusual_resource_for_role,96,96,flagged,flagged
evt-010038,HR-005,HR,RES-021,Internal,corporate,normal,,1,53,allowed,flagged
evt-009537,ENG-003,Engineering,RES-010,Confidential,corporate,normal,,0,8,allowed,allowed
evt-009743,ENG-012,Engineering,RES-017,Internal,external,normal,,19,19,allowed,allowed
evt-009685,ENG-009,Engineering,RES-021,Internal,corporate,normal,,0,53,allowed,flagged
evt-010022,HR-004,HR,RES-026,Public,corporate,normal,,0,19,allowed,allowed
evt-009681,ENG-009,Engineering,RES-023,Internal,corporate,normal,,0,19,allowed,allowed
evt-010389,IT-005,IT Security,RES-026,Public,vpn,normal,,0,0,allowed,allowed
evt-009589,ENG-006,Engineering,RES-018,Internal,corporate,normal,,0,63,allowed,flagged
evt-010370,IT-004,IT Security,RES-013,Confidential,corporate,normal,,0,1,allowed,allowed
evt-009736,ENG-012,Engineering,RES-011,Confidential,external,normal,,10,10,allowed,allowed
evt-009732,ENG-012,Engineering,RES-026,Public,corporate,normal,,0,46,allowed,allowed
evt-010552,LEG-004,Legal,RES-016,Confidential,corporate,normal,,0,1,allowed,allowed
evt-010532,LEG-003,Legal,RES-023,Internal,corporate,normal,,0,3,allowed,allowed
evt-009576,ENG-005,Engineering,RES-022,Internal,vpn,normal,,0,0,allowed,allowed
evt-010539,LEG-003,Legal,RES-023,Internal,corporate,normal,,0,3,allowed,allowed
evt-010141,CA-004,Clinical,RES-026,Public,external,normal,,17,17,allowed,allowed
evt-010535,LEG-003,Legal,RES-022,Internal,corporate,normal,,0,8,allowed,allowed
evt-009533,ENG-003,Engineering,RES-022,Internal,corporate,normal,,0,24,allowed,allowed
evt-009780,ENG-014,Engineering,RES-022,Internal,corporate,normal,,0,7,allowed,allowed
evt-009813,FIN-001,Finance,RES-022,Internal,corporate,normal,,0,68,allowed,flagged
evt-010048,HR-006,HR,RES-023,Internal,corporate,normal,,0,37,allowed,allowed
evt-009915,FIN-007,Finance,RES-006,Privileged,corporate,anomalous,privilege_escalation,100,100,flagged,flagged
evt-010575,LEG-005,Legal,RES-024,Internal,corporate,normal,,0,21,allowed,allowed
evt-009725,ENG-012,Engineering,RES-022,Internal,external,normal,,7,7,allowed,allowed
evt-010191,CA-006,Clinical,RES-022,Internal,vpn,normal,,0,0,allowed,allowed
evt-010068,HR-006,HR,RES-026,Public,corporate,normal,,0,67,allowed,flagged
evt-010109,CA-002,Clinical,RES-022,Internal,corporate,normal,,0,44,allowed,allowed
evt-010212,CA-007,Clinical,RES-001,Privileged,corporate,normal,,0,36,allowed,allowed
evt-009522,ENG-003,Engineering,RES-018,Internal,corporate,normal,,0,21,allowed,allowed
evt-009952,FIN-008,Finance,RES-026,Public,external,normal,,63,63,flagged,flagged
evt-010381,IT-005,IT Security,RES-021,Internal,vpn,normal,,0,0,allowed,allowed
evt-009951,FIN-008,Finance,RES-012,Confidential,external,normal,,19,19,allowed,allowed
evt-010067,HR-006,HR,RES-027,Public,corporate,normal,,0,19,allowed,allowed
evt-009634,ENG-007,Engineering,RES-022,Internal,vpn,normal,,0,0,allowed,allowed
evt-009502,ENG-002,Engineering,RES-023,Internal,corporate,normal,,0,35,allowed,allowed
evt-010057,HR-006,HR,RES-023,Internal,corporate,normal,,0,29,allowed,allowed
evt-010227,CA-008,Clinical,RES-001,Privileged,corporate,normal,,0,29,allowed,allowed
evt-010200,CA-007,Clinical,RES-026,Public,corporate,normal,,0,37,allowed,allowed
evt-009526,ENG-003,Engineering,RES-022,Internal,corporate,normal,,0,12,allowed,allowed
evt-009547,ENG-004,Engineering,RES-017,Internal,corporate,normal,,0,19,allowed,allowed
evt-010097,CA-001,Clinical,RES-002,Privileged,corporate,normal,,0,19,allowed,allowed
evt-010151,CA-004,Clinical,RES-002,Privileged,external,normal,,21,21,allowed,allowed
evt-010115,CA-002,Clinical,RES-022,Internal,corporate,normal,,0,30,allowed,allowed
evt-010162,CA-005,Clinical,RES-026,Public,corporate,normal,,0,29,allowed,allowed
evt-009584,ENG-005,Engineering,RES-023,Internal,vpn,normal,,0,0,allowed,allowed
evt-010364,IT-004,IT Security,RES-017,Internal,corporate,normal,,0,8,allowed,allowed
evt-010149,CA-004,Clinical,RES-001,Privileged,external,normal,,31,31,allowed,allowed
evt-009730,ENG-012,Engineering,RES-017,Internal,external,normal,,17,17,allowed,allowed
evt-009888,FIN-005,Finance,RES-026,Public,corporate,normal,,0,56,allowed,flagged
evt-010574,LEG-005,Legal,RES-024,Internal,corporate,normal,,0,8,allowed,allowed
evt-010017,HR-004,HR,RES-026,Public,corporate,normal,,0,60,allowed,flagged
evt-009726,ENG-012,Engineering,RES-022,Internal,corporate,normal,,0,34,allowed,allowed
evt-009564,ENG-005,Engineering,RES-017,Internal,vpn,normal,,0,0,allowed,allowed
evt-009619,ENG-007,Engineering,RES-019,Internal,vpn,normal,,0,0,allowed,allowed
evt-010010,HR-003,HR,RES-004,Privileged,corporate,normal,,0,63,allowed,flagged
evt-010066,HR-006,HR,RES-023,Internal,corporate,normal,,0,35,allowed,allowed
evt-010147,CA-004,Clinical,RES-026,Public,corporate,normal,,0,29,allowed,allowed
evt-010565,LEG-005,Legal,RES-022,Internal,corporate,normal,,0,36,allowed,allowed
evt-010005,HR-003,HR,RES-022,Internal,corporate,normal,,0,35,allowed,allowed
evt-009605,ENG-006,Engineering,RES-018,Internal,corporate,normal,,0,38,allowed,allowed
evt-009845,FIN-003,Finance,RES-009,Confidential,corporate,normal,,0,35,allowed,allowed
evt-010414,IT-005,IT Security,RES-010,Confidential,vpn,normal,,0,0,allowed,allowed
evt-009858,FIN-004,Finance,RES-024,Internal,corporate,normal,,0,49,allowed,allowed
evt-009617,ENG-007,Engineering,RES-022,Internal,vpn,normal,,0,0,allowed,allowed
evt-009972,HR-001,HR,RES-026,Public,corporate,normal,,0,46,allowed,allowed
evt-009991,HR-002,HR,RES-026,Public,corporate,normal,,0,60,allowed,flagged
evt-010112,CA-002,Clinical,RES-003,Privileged,corporate,normal,,0,28,allowed,allowed
evt-010128,CA-003,Clinical,RES-001,Privileged,corporate,normal,,0,29,allowed,allowed
evt-009757,ENG-013,Engineering,RES-023,Internal,vpn,normal,,0,0,allowed,allowed
evt-010508,LEG-001,Legal,RES-022,Internal,vpn,normal,,0,0,allowed,allowed
evt-009640,ENG-008,Engineering,RES-018,Internal,vpn,normal,,0,0,allowed,allowed
evt-010418,IT-006,IT Security,RES-006,Privileged,vpn,normal,,0,0,allowed,allowed
evt-009956,HR-001,HR,RES-026,Public,corporate,normal,,0,96,allowed,flagged
evt-010111,CA-002,Clinical,RES-023,Internal,corporate,normal,,0,60,allowed,flagged
evt-010104,CA-002,Clinical,RES-009,Confidential,corporate,anomalous,unusual_resource_for_role,100,100,flagged,flagged
evt-009811,FIN-001,Finance,RES-025,Public,corporate,normal,,0,19,allowed,allowed
evt-009755,ENG-013,Engineering,RES-023,Internal,vpn,normal,,0,0,allowed,allowed
evt-010036,HR-005,HR,RES-004,Privileged,corporate,normal,,0,42,allowed,allowed
evt-010041,HR-005,HR,RES-004,Privileged,corporate,normal,,0,42,allowed,allowed
evt-009677,ENG-009,Engineering,RES-010,Confidential,corporate,normal,,0,19,allowed,allowed
evt-009740,ENG-012,Engineering,RES-019,Internal,external,normal,,21,21,allowed,allowed
evt-009931,FIN-008,Finance,RES-026,Public,external,normal,,63,63,flagged,flagged
evt-010049,HR-006,HR,RES-023,Internal,corporate,normal,,0,36,allowed,allowed
evt-009937,FIN-008,Finance,RES-009,Confidential,external,normal,,42,42,allowed,allowed
evt-009852,FIN-003,Finance,RES-012,Confidential,corporate,normal,,0,19,allowed,allowed
evt-009865,FIN-004,Finance,RES-025,Public,corporate,normal,,0,7,allowed,allowed
evt-009579,ENG-005,Engineering,RES-026,Public,vpn,normal,,0,0,allowed,allowed
evt-010061,HR-006,HR,RES-005,Privileged,corporate,normal,,0,19,allowed,allowed
evt-009661,ENG-009,Engineering,RES-017,Internal,corporate,normal,,0,7,allowed,allowed
evt-009546,ENG-004,Engineering,RES-022,Internal,corporate,normal,,0,35,allowed,allowed
evt-010025,HR-004,HR,RES-004,Privileged,corporate,normal,,0,58,allowed,flagged
evt-009989,HR-002,HR,RES-026,Public,corporate,normal,,0,60,allowed,flagged
evt-009877,FIN-005,Finance,RES-009,Confidential,corporate,anomalous,bulk_data_exfiltration,62,62,flagged,flagged
evt-010583,EX-001,Executive,RES-026,Public,vpn,normal,,0,0,allowed,allowed
evt-010512,LEG-001,Legal,RES-026,Public,vpn,normal,,0,0,allowed,allowed
evt-009479,ENG-001,Engineering,RES-026,Public,vpn,normal,,0,0,allowed,allowed
evt-009501,ENG-002,Engineering,RES-010,Confidential,corporate,normal,,0,12,allowed,allowed
evt-009789,ENG-014,Engineering,RES-012,Confidential,corporate,normal,,0,8,allowed,allowed
evt-009613,ENG-006,Engineering,RES-017,Internal,corporate,normal,,0,50,allowed,flagged
evt-010009,HR-003,HR,RES-025,Public,corporate,normal,,0,29,allowed,allowed
evt-009524,ENG-003,Engineering,RES-018,Internal,corporate,normal,,0,28,allowed,allowed
evt-010156,CA-004,Clinical,RES-002,Privileged,external,normal,,26,26,allowed,allowed
evt-009636,ENG-008,Engineering,RES-023,Internal,corporate,normal,,0,21,allowed,allowed
evt-009639,ENG-008,Engineering,RES-018,Internal,corporate,normal,,0,28,allowed,allowed
evt-009611,ENG-006,Engineering,RES-023,Internal,corporate,normal,,0,35,allowed,allowed
evt-009983,HR-002,HR,RES-026,Public,corporate,normal,,0,67,allowed,flagged
evt-010229,CA-008,Clinical,RES-025,Public,corporate,normal,,0,35,allowed,allowed
evt-009802,FIN-001,Finance,RES-026,Public,corporate,normal,,0,63,allowed,flagged
evt-010102,CA-002,Clinical,RES-025,Public,corporate,normal,,0,38,allowed,allowed
evt-010562,LEG-004,Legal,RES-015,Confidential,corporate,normal,,0,19,allowed,allowed
evt-010290,IT-002,IT Security,RES-010,Confidential,corporate,normal,,0,1,allowed,allowed
evt-009810,FIN-001,Finance,RES-026,Public,corporate,normal,,0,53,allowed,flagged
evt-010117,CA-003,Clinical,RES-003,Privileged,external,normal,,8,8,allowed,allowed
evt-010328,IT-003,IT Security,RES-013,Confidential,corporate,anomalous,bulk_data_exfiltration,73,73,flagged,flagged
evt-010217,CA-007,Clinical,RES-026,Public,corporate,normal,,0,24,allowed,allowed
evt-009897,FIN-006,Finance,RES-026,Public,corporate,normal,,0,22,allowed,allowed
evt-010021,HR-004,HR,RES-004,Privileged,corporate,normal,,0,35,allowed,allowed
evt-009621,ENG-007,Engineering,RES-011,Confidential,vpn,normal,,1,1,allowed,allowed
evt-010497,IT-008,IT Security,RES-006,Privileged,vpn,normal,,0,0,allowed,allowed
evt-009884,FIN-005,Finance,RES-012,Confidential,corporate,anomalous,bulk_data_exfiltration,67,67,flagged,flagged
evt-009612,ENG-006,Engineering,RES-018,Internal,corporate,normal,,0,35,allowed,allowed
evt-010173,CA-006,Clinical,RES-023,Internal,vpn,normal,,0,0,allowed,allowed
evt-009980,HR-002,HR,RES-026,Public,corporate,normal,,0,94,allowed,flagged
evt-010504,LEG-001,Legal,RES-015,Confidential,vpn,normal,,0,0,allowed,allowed
evt-009724,ENG-012,Engineering,RES-026,Public,external,normal,,17,17,allowed,allowed
evt-010080,HR-007,HR,RES-026,Public,corporate,normal,,0,67,allowed,flagged
evt-010346,IT-003,IT Security,RES-026,Public,vpn,normal,,0,0,allowed,allowed
evt-010443,IT-006,IT Security,RES-026,Public,vpn,normal,,0,0,allowed,allowed
evt-010213,CA-007,Clinical,RES-003,Privileged,corporate,normal,,0,19,allowed,allowed
evt-009498,ENG-001,Engineering,RES-026,Public,external,anomalous,impossible_travel,29,29,allowed,allowed
evt-009766,ENG-013,Engineering,RES-023,Internal,vpn,normal,,0,0,allowed,allowed
evt-010114,CA-002,Clinical,RES-001,Privileged,external,anomalous,impossible_travel,35,35,allowed,allowed
evt-010012,HR-003,HR,RES-004,Privileged,corporate,normal,,0,67,allowed,flagged
evt-010231,CA-008,Clinical,RES-023,Internal,corporate,normal,,0,94,allowed,flagged
evt-009748,ENG-012,Engineering,RES-021,Internal,vpn,normal,,0,0,allowed,allowed
evt-009551,ENG-004,Engineering,RES-022,Internal,corporate,normal,,0,35,allowed,allowed
evt-009957,HR-001,HR,RES-026,Public,corporate,normal,,0,72,allowed,flagged
evt-010530,LEG-003,Legal,RES-024,Internal,corporate,normal,,0,36,allowed,allowed
evt-009994,HR-003,HR,RES-022,Internal,corporate,normal,,0,19,allowed,allowed
evt-009916,FIN-007,Finance,RES-009,Confidential,corporate,normal,,0,55,allowed,flagged
evt-009572,ENG-005,Engineering,RES-022,Internal,vpn,normal,,0,0,allowed,allowed
evt-009769,ENG-013,Engineering,RES-018,Internal,vpn,normal,,0,0,allowed,allowed
evt-010124,CA-003,Clinical,RES-001,Privileged,external,normal,,29,29,allowed,allowed
evt-010016,HR-004,HR,RES-023,Internal,corporate,normal,,0,36,allowed,allowed
evt-009488,ENG-001,Engineering,RES-017,Internal,vpn,normal,,0,0,allowed,allowed
evt-010083,HR-007,HR,RES-004,Privileged,corporate,normal,,0,67,allowed,flagged
evt-010050,HR-006,HR,RES-023,Internal,corporate,normal,,0,29,allowed,allowed
evt-009614,ENG-006,Engineering,RES-021,Internal,corporate,normal,,0,53,allowed,flagged
evt-009823,FIN-002,Finance,RES-009,Confidential,vpn,normal,,0,0,allowed,allowed
evt-010030,HR-005,HR,RES-026,Public,corporate,normal,,0,35,allowed,allowed
evt-009655,ENG-008,Engineering,RES-017,Internal,corporate,normal,,0,19,allowed,allowed
evt-009819,FIN-002,Finance,RES-011,Confidential,vpn,anomalous,first_seen_device_sensitive,96,96,flagged,flagged
evt-010556,LEG-004,Legal,RES-016,Confidential,corporate,normal,,0,8,allowed,allowed
evt-009833,FIN-002,Finance,RES-024,Internal,vpn,normal,,0,0,allowed,allowed
evt-009871,FIN-004,Finance,RES-012,Confidential,corporate,normal,,1,15,allowed,allowed
evt-009562,ENG-005,Engineering,RES-019,Internal,vpn,normal,,0,0,allowed,allowed
evt-010071,HR-007,HR,RES-026,Public,corporate,normal,,0,67,allowed,flagged
evt-009668,ENG-009,Engineering,RES-019,Internal,corporate,normal,,0,60,allowed,flagged
evt-010051,HR-006,HR,RES-027,Public,corporate,normal,,0,26,allowed,allowed
evt-009534,ENG-003,Engineering,RES-017,Internal,corporate,normal,,0,29,allowed,allowed
evt-009510,ENG-002,Engineering,RES-023,Internal,corporate,normal,,0,35,allowed,allowed
evt-009768,ENG-013,Engineering,RES-021,Internal,vpn,normal,,0,0,allowed,allowed
evt-010502,LEG-001,Legal,RES-022,Internal,vpn,normal,,0,0,allowed,allowed
evt-009835,FIN-002,Finance,RES-025,Public,vpn,normal,,0,0,allowed,allowed
evt-009837,FIN-003,Finance,RES-011,Confidential,corporate,normal,,0,13,allowed,allowed
evt-009676,ENG-009,Engineering,RES-021,Internal,corporate,normal,,0,26,allowed,allowed
evt-010060,HR-006,HR,RES-004,Privileged,corporate,normal,,0,35,allowed,allowed
evt-009981,HR-002,HR,RES-023,Internal,corporate,normal,,0,17,allowed,allowed
evt-010103,CA-002,Clinical,RES-022,Internal,corporate,normal,,0,32,allowed,allowed
evt-009701,ENG-010,Engineering,RES-023,Internal,vpn,normal,,0,0,allowed,allowed
evt-009910,FIN-006,Finance,RES-022,Internal,external,normal,,42,42,allowed,allowed
evt-010518,LEG-002,Legal,RES-026,Public,vpn,normal,,0,0,allowed,allowed
evt-010064,HR-006,HR,RES-026,Public,corporate,normal,,0,94,allowed,flagged
evt-009909,FIN-006,Finance,RES-022,Internal,corporate,normal,,0,29,allowed,allowed
evt-009499,ENG-002,Engineering,RES-023,Internal,corporate,normal,,0,19,allowed,allowed
evt-010525,LEG-002,Legal,RES-026,Public,corporate,normal,,0,27,allowed,allowed
evt-009814,FIN-001,Finance,RES-011,Confidential,corporate,normal,,0,19,allowed,allowed
evt-010230,CA-008,Clinical,RES-001,Privileged,external,anomalous,impossible_travel,67,67,flagged,flagged
evt-010099,CA-002,Clinical,RES-026,Public,corporate,normal,,0,29,allowed,allowed
evt-010023,HR-004,HR,RES-004,Privileged,corporate,normal,,0,36,allowed,allowed
evt-009828,FIN-002,Finance,RES-011,Confidential,vpn,normal,,0,0,allowed,allowed
evt-010568,LEG-005,Legal,RES-016,Confidential,corporate,normal,,0,3,allowed,allowed
evt-009558,ENG-004,Engineering,RES-023,Internal,corporate,normal,,0,28,allowed,allowed
evt-010018,HR-004,HR,RES-021,Internal,corporate,normal,,0,28,allowed,allowed
evt-010003,HR-003,HR,RES-025,Public,corporate,normal,,0,29,allowed,allowed
evt-009809,FIN-001,Finance,RES-024,Internal,corporate,normal,,0,7,allowed,allowed
evt-010590,EX-002,Executive,RES-026,Public,corporate,normal,,0,29,allowed,allowed
evt-009975,HR-001,HR,RES-026,Public,corporate,normal,,0,46,allowed,allowed
evt-010056,HR-006,HR,RES-025,Public,corporate,normal,,0,36,allowed,allowed
evt-010223,CA-008,Clinical,RES-001,Privileged,corporate,normal,,0,36,allowed,allowed
evt-010127,CA-003,Clinical,RES-001,Privileged,external,normal,,53,53,flagged,flagged
evt-010170,CA-005,Clinical,RES-001,Privileged,corporate,normal,,0,42,allowed,allowed
evt-010526,LEG-002,Legal,RES-023,Internal,corporate,normal,,0,4,allowed,allowed
evt-010569,LEG-005,Legal,RES-026,Public,corporate,normal,,0,19,allowed,allowed
evt-009753,ENG-013,Engineering,RES-021,Internal,vpn,normal,,0,0,allowed,allowed
evt-009988,HR-002,HR,RES-025,Public,corporate,normal,,0,29,allowed,allowed
evt-009569,ENG-005,Engineering,RES-017,Internal,vpn,normal,,0,0,allowed,allowed
evt-009875,FIN-005,Finance,RES-025,Public,corporate,normal,,0,21,allowed,allowed
evt-009609,ENG-006,Engineering,RES-017,Internal,corporate,normal,,0,19,allowed,allowed
evt-010219,CA-007,Clinical,RES-022,Internal,corporate,normal,,0,20,allowed,allowed
evt-009927,FIN-007,Finance,RES-021,Internal,corporate,normal,,0,22,allowed,allowed
evt-009648,ENG-008,Engineering,RES-022,Internal,external,anomalous,impossible_travel,18,18,allowed,allowed
evt-009987,HR-002,HR,RES-026,Public,corporate,normal,,0,94,allowed,flagged
evt-010567,LEG-005,Legal,RES-026,Public,corporate,normal,,0,26,allowed,allowed
evt-010600,EX-002,Executive,RES-025,Public,corporate,normal,,0,19,allowed,allowed
evt-009879,FIN-005,Finance,RES-009,Confidential,corporate,anomalous,bulk_data_exfiltration,63,63,flagged,flagged
evt-009889,FIN-005,Finance,RES-026,Public,corporate,normal,,0,35,allowed,allowed
evt-009892,FIN-006,Finance,RES-023,Internal,corporate,normal,,0,42,allowed,allowed
evt-009832,FIN-002,Finance,RES-009,Confidential,vpn,normal,,1,1,allowed,allowed
evt-010031,HR-005,HR,RES-025,Public,corporate,normal,,0,36,allowed,allowed
evt-009494,ENG-001,Engineering,RES-026,Public,vpn,normal,,0,0,allowed,allowed
evt-010119,CA-003,Clinical,RES-022,Internal,corporate,normal,,0,49,allowed,allowed
evt-010511,LEG-001,Legal,RES-025,Public,corporate,normal,,0,19,allowed,allowed
evt-010122,CA-003,Clinical,RES-003,Privileged,corporate,normal,,0,20,allowed,allowed
evt-009554,ENG-004,Engineering,RES-022,Internal,corporate,normal,,0,26,allowed,allowed
evt-009760,ENG-013,Engineering,RES-022,Internal,vpn,normal,,0,0,allowed,allowed
evt-009855,FIN-004,Finance,RES-026,Public,external,anomalous,impossible_travel,36,36,allowed,allowed
evt-009707,ENG-011,Engineering,RES-023,Internal,vpn,normal,,0,0,allowed,allowed
evt-010004,HR-003,HR,RES-023,Internal,corporate,normal,,0,29,allowed,allowed
evt-009907,FIN-006,Finance,RES-022,Internal,external,anomalous,impossible_travel,60,60,flagged,flagged
evt-009594,ENG-006,Engineering,RES-022,Internal,corporate,normal,,0,36,allowed,allowed
evt-009886,FIN-005,Finance,RES-023,Internal,corporate,normal,,0,46,allowed,allowed
evt-009767,ENG-013,Engineering,RES-022,Internal,vpn,normal,,0,0,allowed,allowed
evt-010533,LEG-003,Legal,RES-021,Internal,corporate,normal,,1,26,allowed,allowed
evt-009992,HR-002,HR,RES-026,Public,corporate,normal,,0,60,allowed,flagged
evt-009936,FIN-008,Finance,RES-026,Public,external,normal,,62,62,flagged,flagged
evt-010543,LEG-003,Legal,RES-025,Public,corporate,normal,,0,8,allowed,allowed
evt-010416,IT-006,IT Security,RES-026,Public,vpn,normal,,0,0,allowed,allowed
evt-010586,EX-001,Executive,RES-017,Internal,external,anomalous,unusual_resource_for_role,80,80,flagged,flagged
evt-010019,HR-004,HR,RES-027,Public,corporate,normal,,0,19,allowed,allowed
evt-009804,FIN-001,Finance,RES-022,Internal,corporate,normal,,0,62,allowed,flagged
evt-009511,ENG-002,Engineering,RES-026,Public,corporate,normal,,0,36,allowed,allowed
evt-010166,CA-005,Clinical,RES-003,Privileged,corporate,normal,,0,19,allowed,allowed
evt-010195,CA-006,Clinical,RES-002,Privileged,vpn,normal,,0,0,allowed,allowed
evt-009531,ENG-003,Engineering,RES-023,Internal,corporate,normal,,0,28,allowed,allowed
evt-009984,HR-002,HR,RES-022,Internal,corporate,normal,,0,35,allowed,allowed
evt-009683,ENG-009,Engineering,RES-017,Internal,corporate,normal,,0,36,allowed,allowed
evt-010522,LEG-002,Legal,RES-015,Confidential,vpn,normal,,0,0,allowed,allowed
evt-009998,HR-003,HR,RES-026,Public,corporate,normal,,0,72,allowed,flagged
evt-010202,CA-007,Clinical,RES-026,Public,corporate,normal,,0,63,allowed,flagged
evt-010043,HR-005,HR,RES-026,Public,corporate,normal,,0,63,allowed,flagged
evt-009710,ENG-011,Engineering,RES-017,Internal,vpn,normal,,0,0,allowed,allowed
evt-010040,HR-005,HR,RES-023,Internal,corporate,normal,,0,28,allowed,allowed
evt-009921,FIN-007,Finance,RES-011,Confidential,corporate,normal,,0,4,allowed,allowed
evt-010065,HR-006,HR,RES-026,Public,corporate,normal,,0,35,allowed,allowed
evt-009963,HR-001,HR,RES-023,Internal,corporate,normal,,0,37,allowed,allowed
evt-010560,LEG-004,Legal,RES-025,Public,corporate,normal,,0,41,allowed,allowed
evt-010082,HR-007,HR,RES-004,Privileged,corporate,normal,,0,63,allowed,flagged
evt-010125,CA-003,Clinical,RES-002,Privileged,external,normal,,28,28,allowed,allowed
evt-009721,ENG-011,Engineering,RES-019,Internal,vpn,normal,,0,0,allowed,allowed
evt-010362,IT-004,IT Security,RES-020,Internal,corporate,normal,,0,26,allowed,allowed
evt-009976,HR-001,HR,RES-023,Internal,corporate,normal,,0,35,allowed,allowed
evt-009838,FIN-003,Finance,RES-026,Public,corporate,normal,,0,29,allowed,allowed
evt-009891,FIN-006,Finance,RES-026,Public,external,normal,,28,28,allowed,allowed
evt-010046,HR-006,HR,RES-022,Internal,corporate,normal,,0,35,allowed,allowed
evt-009898,FIN-006,Finance,RES-009,Confidential,corporate,normal,,0,19,allowed,allowed
evt-010240,CA-008,Clinical,RES-022,Internal,corporate,normal,,0,38,allowed,allowed
evt-010582,EX-001,Executive,RES-025,Public,vpn,normal,,0,0,allowed,allowed
evt-009778,ENG-014,Engineering,RES-018,Internal,corporate,normal,,0,19,allowed,allowed
evt-009840,FIN-003,Finance,RES-023,Internal,corporate,normal,,0,19,allowed,allowed
evt-010142,CA-004,Clinical,RES-023,Internal,external,normal,,44,44,allowed,allowed
evt-009913,FIN-007,Finance,RES-022,Internal,corporate,normal,,0,36,allowed,allowed
evt-010500,LEG-001,Legal,RES-026,Public,corporate,normal,,0,53,allowed,flagged
evt-009530,ENG-003,Engineering,RES-018,Internal,corporate,normal,,0,19,allowed,allowed
evt-009827,FIN-002,Finance,RES-009,Confidential,vpn,normal,,0,0,allowed,allowed
evt-009745,ENG-012,Engineering,RES-017,Internal,external,normal,,8,8,allowed,allowed
evt-009793,ENG-014,Engineering,RES-026,Public,corporate,normal,,0,29,allowed,allowed
evt-009934,FIN-008,Finance,RES-023,Internal,external,normal,,21,21,allowed,allowed
evt-009652,ENG-008,Engineering,RES-017,Internal,corporate,normal,,0,16,allowed,allowed
evt-009836,FIN-003,Finance,RES-026,Public,corporate,normal,,0,12,allowed,allowed
evt-009850,FIN-003,Finance,RES-011,Confidential,corporate,normal,,0,15,allowed,allowed
evt-009587,ENG-006,Engineering,RES-026,Public,corporate,normal,,0,94,allowed,flagged
evt-009568,ENG-005,Engineering,RES-021,Internal,vpn,normal,,0,0,allowed,allowed
evt-009977,HR-001,HR,RES-001,Privileged,corporate,anomalous,unusual_resource_for_role,100,100,flagged,flagged
evt-009705,ENG-010,Engineering,RES-022,Internal,vpn,normal,,0,0,allowed,allowed
evt-010271,IT-001,IT Security,RES-001,Privileged,corporate,normal,,1,7,allowed,allowed
evt-010523,LEG-002,Legal,RES-021,Internal,corporate,normal,,1,17,allowed,allowed
evt-009853,FIN-004,Finance,RES-026,Public,corporate,normal,,0,36,allowed,allowed
evt-009965,HR-001,HR,RES-022,Internal,corporate,normal,,0,46,allowed,allowed
evt-010026,HR-005,HR,RES-026,Public,corporate,normal,,0,36,allowed,allowed
evt-010510,LEG-001,Legal,RES-025,Public,vpn,normal,,0,0,allowed,allowed
evt-010081,HR-007,HR,RES-004,Privileged,corporate,normal,,0,29,allowed,allowed
evt-009674,ENG-009,Engineering,RES-012,Confidential,corporate,normal,,0,4,allowed,allowed
evt-010542,LEG-003,Legal,RES-015,Confidential,external,anomalous,impossible_travel,24,24,allowed,allowed
evt-009756,ENG-013,Engineering,RES-019,Internal,vpn,normal,,0,0,allowed,allowed
evt-009946,FIN-008,Finance,RES-011,Confidential,external,normal,,22,22,allowed,allowed
evt-009620,ENG-007,Engineering,RES-011,Confidential,vpn,normal,,0,0,allowed,allowed
evt-010514,LEG-002,Legal,RES-015,Confidential,corporate,normal,,0,27,allowed,allowed
evt-010520,LEG-002,Legal,RES-025,Public,corporate,normal,,0,21,allowed,allowed
evt-010580,LEG-005,Legal,RES-015,Confidential,corporate,normal,,0,19,allowed,allowed
evt-009900,FIN-006,Finance,RES-009,Confidential,corporate,normal,,1,53,allowed,flagged
evt-010169,CA-005,Clinical,RES-002,Privileged,corporate,normal,,0,20,allowed,allowed
evt-010013,HR-003,HR,RES-026,Public,corporate,normal,,0,69,allowed,flagged
evt-010052,HR-006,HR,RES-025,Public,corporate,normal,,0,38,allowed,allowed
evt-010483,IT-008,IT Security,RES-007,Privileged,vpn,normal,,0,0,allowed,allowed
evt-009478,ENG-001,Engineering,RES-017,Internal,vpn,normal,,0,0,allowed,allowed
evt-009806,FIN-001,Finance,RES-009,Confidential,corporate,normal,,0,19,allowed,allowed
evt-009876,FIN-005,Finance,RES-025,Public,corporate,normal,,0,7,allowed,allowed
evt-009765,ENG-013,Engineering,RES-025,Public,vpn,normal,,0,0,allowed,allowed
evt-010033,HR-005,HR,RES-023,Internal,corporate,normal,,0,36,allowed,allowed
evt-010008,HR-003,HR,RES-026,Public,corporate,normal,,0,94,allowed,flagged
evt-009714,ENG-011,Engineering,RES-022,Internal,vpn,normal,,0,0,allowed,allowed
evt-010243,CA-008,Clinical,RES-001,Privileged,corporate,normal,,0,19,allowed,allowed
evt-010564,LEG-005,Legal,RES-026,Public,corporate,normal,,0,49,allowed,allowed
evt-010160,CA-005,Clinical,RES-022,Internal,corporate,normal,,0,36,allowed,allowed
evt-009846,FIN-003,Finance,RES-022,Internal,corporate,normal,,0,35,allowed,allowed
evt-010039,HR-005,HR,RES-022,Internal,corporate,normal,,0,35,allowed,allowed
evt-010146,CA-004,Clinical,RES-026,Public,external,normal,,31,31,allowed,allowed
evt-009935,FIN-008,Finance,RES-026,Public,external,normal,,62,62,flagged,flagged
evt-009688,ENG-009,Engineering,RES-011,Confidential,corporate,normal,,0,4,allowed,allowed
evt-009682,ENG-009,Engineering,RES-017,Internal,corporate,normal,,0,41,allowed,allowed
evt-010140,CA-004,Clinical,RES-026,Public,corporate,normal,,0,29,allowed,allowed
evt-009905,FIN-006,Finance,RES-012,Confidential,corporate,normal,,0,4,allowed,allowed
evt-009603,ENG-006,Engineering,RES-004,Privileged,corporate,anomalous,unusual_resource_for_role,100,100,flagged,flagged
evt-009982,HR-002,HR,RES-022,Internal,corporate,normal,,0,17,allowed,allowed
evt-009861,FIN-004,Finance,RES-023,Internal,corporate,normal,,0,49,allowed,allowed
evt-010144,CA-004,Clinical,RES-002,Privileged,corporate,normal,,0,28,allowed,allowed
evt-009560,ENG-004,Engineering,RES-023,Internal,corporate,normal,,0,42,allowed,allowed
evt-010210,CA-007,Clinical,RES-017,Internal,corporate,anomalous,unusual_resource_for_role,96,96,flagged,flagged
evt-009993,HR-003,HR,RES-004,Privileged,corporate,normal,,0,63,allowed,flagged
evt-010225,CA-008,Clinical,RES-003,Privileged,corporate,normal,,0,35,allowed,allowed
evt-010092,CA-001,Clinical,RES-022,Internal,corporate,normal,,0,42,allowed,allowed
evt-009816,FIN-001,Finance,RES-024,Internal,corporate,normal,,0,8,allowed,allowed
evt-010029,HR-005,HR,RES-004,Privileged,corporate,normal,,0,36,allowed,allowed
evt-009521,ENG-003,Engineering,RES-022,Internal,corporate,normal,,0,37,allowed,allowed
evt-009970,HR-001,HR,RES-025,Public,corporate,normal,,0,38,allowed,allowed
evt-010501,LEG-001,Legal,RES-015,Confidential,vpn,normal,,0,0,allowed,allowed
evt-010555,LEG-004,Legal,RES-016,Confidential,corporate,normal,,0,19,allowed,allowed
evt-009803,FIN-001,Finance,RES-022,Internal,corporate,normal,,0,19,allowed,allowed
evt-009770,ENG-013,Engineering,RES-017,Internal,vpn,normal,,0,0,allowed,allowed
evt-009844,FIN-003,Finance,RES-022,Internal,corporate,normal,,0,63,allowed,flagged
evt-009781,ENG-014,Engineering,RES-022,Internal,corporate,normal,,0,28,allowed,allowed
evt-009812,FIN-001,Finance,RES-011,Confidential,corporate,normal,,0,6,allowed,allowed
evt-009903,FIN-006,Finance,RES-026,Public,external,normal,,36,36,allowed,allowed
evt-010069,HR-007,HR,RES-022,Internal,corporate,normal,,0,29,allowed,allowed
evt-009492,ENG-001,Engineering,RES-023,Internal,vpn,normal,,0,0,allowed,allowed
evt-010519,LEG-002,Legal,RES-016,Confidential,corporate,normal,,0,13,allowed,allowed
evt-009996,HR-003,HR,RES-023,Internal,corporate,normal,,0,35,allowed,allowed
evt-009798,FIN-001,Finance,RES-011,Confidential,corporate,normal,,0,19,allowed,allowed
evt-010538,LEG-003,Legal,RES-023,Internal,corporate,normal,,0,28,allowed,allowed
evt-009924,FIN-007,Finance,RES-026,Public,corporate,normal,,0,70,allowed,flagged
evt-010242,CA-008,Clinical,RES-025,Public,corporate,normal,,0,19,allowed,allowed
evt-010275,IT-001,IT Security,RES-026,Public,corporate,normal,,0,19,allowed,allowed
evt-009691,ENG-010,Engineering,RES-017,Internal,corporate,normal,,0,29,allowed,allowed
evt-010549,LEG-004,Legal,RES-016,Confidential,corporate,normal,,0,19,allowed,allowed
evt-009818,FIN-002,Finance,RES-009,Confidential,vpn,normal,,0,0,allowed,allowed
evt-009733,ENG-012,Engineering,RES-025,Public,vpn,normal,,0,0,allowed,allowed
evt-010503,LEG-001,Legal,RES-023,Internal,vpn,normal,,0,0,allowed,allowed
evt-009839,FIN-003,Finance,RES-011,Confidential,corporate,normal,,0,15,allowed,allowed
evt-009528,ENG-003,Engineering,RES-025,Public,corporate,normal,,0,19,allowed,allowed
evt-010578,LEG-005,Legal,RES-015,Confidential,corporate,normal,,0,26,allowed,allowed
evt-010499,LEG-001,Legal,RES-022,Internal,external,anomalous,impossible_travel,35,35,allowed,allowed
evt-009985,HR-002,HR,RES-004,Privileged,corporate,normal,,0,29,allowed,allowed
evt-009694,ENG-010,Engineering,RES-021,Internal,vpn,normal,,0,0,allowed,allowed
evt-010598,EX-002,Executive,RES-008,Privileged,corporate,normal,,0,35,allowed,allowed
evt-010282,IT-001,IT Security,RES-007,Privileged,corporate,normal,,0,24,allowed,allowed
evt-010192,CA-006,Clinical,RES-022,Internal,vpn,normal,,0,0,allowed,allowed
evt-010307,IT-002,IT Security,RES-017,Internal,corporate,normal,,0,19,allowed,allowed
evt-010601,EX-002,Executive,RES-015,Confidential,corporate,normal,,1,17,allowed,allowed
evt-010035,HR-005,HR,RES-021,Internal,corporate,normal,,0,19,allowed,allowed
evt-009561,ENG-004,Engineering,RES-018,Internal,corporate,normal,,0,35,allowed,allowed
evt-010239,CA-008,Clinical,RES-023,Internal,corporate,normal,,0,36,allowed,allowed
evt-009779,ENG-014,Engineering,RES-026,Public,corporate,normal,,0,28,allowed,allowed
evt-010470,IT-007,IT Security,RES-004,Privileged,vpn,normal,,0,0,allowed,allowed
evt-009592,ENG-006,Engineering,RES-019,Internal,corporate,normal,,0,8,allowed,allowed
evt-010595,EX-002,Executive,RES-015,Confidential,corporate,normal,,1,6,allowed,allowed
evt-009744,ENG-012,Engineering,RES-023,Internal,external,normal,,35,35,allowed,allowed
evt-009961,HR-001,HR,RES-027,Public,corporate,normal,,0,19,allowed,allowed
evt-010201,CA-007,Clinical,RES-025,Public,corporate,normal,,0,63,allowed,flagged
evt-009821,FIN-002,Finance,RES-022,Internal,vpn,normal,,0,0,allowed,allowed
evt-009696,ENG-010,Engineering,RES-026,Public,vpn,normal,,0,0,allowed,allowed
evt-009711,ENG-011,Engineering,RES-017,Internal,vpn,normal,,0,0,allowed,allowed
evt-009973,HR-001,HR,RES-022,Internal,corporate,normal,,0,29,allowed,allowed
evt-009728,ENG-012,Engineering,RES-018,Internal,external,normal,,17,17,allowed,allowed
evt-010528,LEG-002,Legal,RES-023,Internal,corporate,normal,,0,63,allowed,flagged
evt-010075,HR-007,HR,RES-025,Public,corporate,normal,,0,21,allowed,allowed
evt-009601,ENG-006,Engineering,RES-018,Internal,corporate,normal,,0,70,allowed,flagged
evt-009926,FIN-007,Finance,RES-009,Confidential,external,anomalous,impossible_travel,26,26,allowed,allowed
evt-010599,EX-002,Executive,RES-026,Public,corporate,normal,,0,29,allowed,allowed
evt-009974,HR-001,HR,RES-026,Public,corporate,normal,,0,46,allowed,allowed
evt-009912,FIN-006,Finance,RES-022,Internal,external,normal,,70,70,flagged,flagged
evt-009800,FIN-001,Finance,RES-011,Confidential,corporate,normal,,0,1,allowed,allowed
evt-010334,IT-003,IT Security,RES-023,Internal,vpn,normal,,0,0,allowed,allowed
evt-009825,FIN-002,Finance,RES-021,Internal,vpn,normal,,0,0,allowed,allowed
evt-010541,LEG-003,Legal,RES-016,Confidential,corporate,normal,,0,15,allowed,allowed
evt-009529,ENG-003,Engineering,RES-022,Internal,corporate,normal,,0,27,allowed,allowed
evt-010087,CA-001,Clinical,RES-026,Public,corporate,normal,,0,67,allowed,flagged
evt-009627,ENG-007,Engineering,RES-023,Internal,vpn,normal,,0,0,allowed,allowed
evt-009717,ENG-011,Engineering,RES-010,Confidential,vpn,normal,,0,0,allowed,allowed
evt-010047,HR-006,HR,RES-004,Privileged,corporate,normal,,0,55,allowed,flagged
evt-010042,HR-005,HR,RES-026,Public,corporate,normal,,0,42,allowed,allowed
evt-010505,LEG-001,Legal,RES-022,Internal,vpn,normal,,0,0,allowed,allowed
evt-009704,ENG-010,Engineering,RES-022,Internal,corporate,normal,,0,29,allowed,allowed
evt-010211,CA-007,Clinical,RES-001,Privileged,corporate,normal,,0,26,allowed,allowed
evt-010260,IT-001,IT Security,RES-007,Privileged,corporate,normal,,0,8,allowed,allowed
evt-009932,FIN-008,Finance,RES-022,Internal,external,normal,,26,26,allowed,allowed
evt-009742,ENG-012,Engineering,RES-017,Internal,external,normal,,19,19,allowed,allowed
evt-009895,FIN-006,Finance,RES-012,Confidential,external,normal,,9,9,allowed,allowed
evt-009637,ENG-008,Engineering,RES-012,Confidential,corporate,normal,,0,13,allowed,allowed
evt-009623,ENG-007,Engineering,RES-023,Internal,vpn,normal,,0,0,allowed,allowed
evt-010548,LEG-004,Legal,RES-015,Confidential,corporate,normal,,0,17,allowed,allowed
evt-009953,FIN-008,Finance,RES-011,Confidential,external,normal,,15,15,allowed,allowed
evt-009644,ENG-008,Engineering,RES-022,Internal,vpn,normal,,0,0,allowed,allowed
evt-010113,CA-002,Clinical,RES-023,Internal,corporate,normal,,0,29,allowed,allowed
evt-010058,HR-006,HR,RES-026,Public,corporate,normal,,0,63,allowed,flagged
evt-010189,CA-006,Clinical,RES-022,Internal,vpn,normal,,0,0,allowed,allowed
evt-009867,FIN-004,Finance,RES-022,Internal,corporate,normal,,0,46,allowed,allowed
evt-009922,FIN-007,Finance,RES-023,Internal,corporate,normal,,0,21,allowed,allowed
evt-009519,ENG-002,Engineering,RES-010,Confidential,corporate,normal,,0,4,allowed,allowed
evt-009887,FIN-005,Finance,RES-009,Confidential,corporate,anomalous,bulk_data_exfiltration,62,62,flagged,flagged
evt-009500,ENG-002,Engineering,RES-022,Internal,corporate,normal,,0,27,allowed,allowed
evt-009978,HR-001,HR,RES-023,Internal,corporate,normal,,0,26,allowed,allowed
evt-010002,HR-003,HR,RES-026,Public,corporate,normal,,0,19,allowed,allowed
evt-009949,FIN-008,Finance,RES-026,Public,external,normal,,21,21,allowed,allowed
evt-010053,HR-006,HR,RES-026,Public,corporate,normal,,0,19,allowed,allowed
evt-010203,CA-007,Clinical,RES-009,Confidential,corporate,anomalous,unusual_resource_for_role,99,99,flagged,flagged
evt-010134,CA-003,Clinical,RES-021,Internal,corporate,normal,,0,29,allowed,allowed
evt-010326,IT-002,IT Security,RES-014,Confidential,corporate,normal,,0,15,allowed,allowed
evt-010218,CA-007,Clinical,RES-026,Public,corporate,normal,,0,19,allowed,allowed
evt-009667,ENG-009,Engineering,RES-026,Public,corporate,normal,,0,19,allowed,allowed
evt-010044,HR-005,HR,RES-023,Internal,corporate,normal,,0,15,allowed,allowed
evt-009955,HR-001,HR,RES-026,Public,corporate,normal,,0,19,allowed,allowed
evt-009653,ENG-008,Engineering,RES-018,Internal,vpn,normal,,0,0,allowed,allowed
evt-010014,HR-004,HR,RES-022,Internal,corporate,normal,,0,7,allowed,allowed
evt-009481,ENG-001,Engineering,RES-022,Internal,vpn,normal,,0,0,allowed,allowed
evt-010138,CA-004,Clinical,RES-002,Privileged,corporate,normal,,0,1,allowed,allowed
evt-010498,LEG-001,Legal,RES-015,Confidential,corporate,normal,,0,13,allowed,allowed
evt-009649,ENG-008,Engineering,RES-001,Privileged,vpn,anomalous,unusual_resource_for_role,100,100,flagged,flagged
evt-009959,HR-001,HR,RES-004,Privileged,corporate,normal,,0,19,allowed,allowed
evt-010037,HR-005,HR,RES-023,Internal,corporate,normal,,0,26,allowed,allowed
evt-009599,ENG-006,Engineering,RES-017,Internal,corporate,normal,,0,15,allowed,allowed
evt-009729,ENG-012,Engineering,RES-010,Confidential,corporate,normal,,0,8,allowed,allowed
evt-009663,ENG-009,Engineering,RES-022,Internal,corporate,normal,,0,16,allowed,allowed
evt-009672,ENG-009,Engineering,RES-022,Internal,corporate,normal,,0,13,allowed,allowed
evt-010551,LEG-004,Legal,RES-016,Confidential,corporate,normal,,0,6,allowed,allowed
evt-010006,HR-003,HR,RES-026,Public,corporate,normal,,0,29,allowed,allowed
evt-009930,FIN-008,Finance,RES-026,Public,external,normal,,27,27,allowed,allowed
evt-009602,ENG-006,Engineering,RES-022,Internal,corporate,normal,,0,19,allowed,allowed
evt-010397,IT-005,IT Security,RES-014,Confidential,vpn,normal,,0,0,allowed,allowed
evt-009859,FIN-004,Finance,RES-024,Internal,corporate,normal,,0,2,allowed,allowed
evt-010516,LEG-002,Legal,RES-015,Confidential,corporate,normal,,0,13,allowed,allowed
evt-009505,ENG-002,Engineering,RES-023,Internal,corporate,normal,,0,16,allowed,allowed
evt-009870,FIN-004,Finance,RES-024,Internal,corporate,normal,,0,17,allowed,allowed
evt-010157,CA-005,Clinical,RES-001,Privileged,corporate,normal,,0,16,allowed,allowed
evt-010250,IT-001,IT Security,RES-006,Privileged,corporate,normal,,0,16,allowed,allowed
evt-009848,FIN-003,Finance,RES-009,Confidential,corporate,normal,,1,53,allowed,flagged
evt-009630,ENG-007,Engineering,RES-025,Public,vpn,normal,,0,0,allowed,allowed
evt-009792,ENG-014,Engineering,RES-010,Confidential,corporate,normal,,0,5,allowed,allowed
evt-010515,LEG-002,Legal,RES-026,Public,vpn,normal,,0,0,allowed,allowed
evt-009600,ENG-006,Engineering,RES-017,Internal,corporate,normal,,0,6,allowed,allowed
evt-010034,HR-005,HR,RES-026,Public,corporate,normal,,0,19,allowed,allowed
evt-010178,CA-006,Clinical,RES-023,Internal,vpn,normal,,0,0,allowed,allowed
evt-009737,ENG-012,Engineering,RES-019,Internal,vpn,normal,,0,0,allowed,allowed
evt-010393,IT-005,IT Security,RES-013,Confidential,vpn,normal,,0,0,allowed,allowed
evt-009616,ENG-007,Engineering,RES-026,Public,vpn,normal,,0,0,allowed,allowed
evt-009706,ENG-011,Engineering,RES-018,Internal,vpn,normal,,0,0,allowed,allowed
evt-009920,FIN-007,Finance,RES-011,Confidential,corporate,normal,,0,19,allowed,allowed
evt-010072,HR-007,HR,RES-022,Internal,corporate,normal,,0,19,allowed,allowed
evt-009808,FIN-001,Finance,RES-009,Confidential,corporate,normal,,0,16,allowed,allowed
evt-009914,FIN-007,Finance,RES-025,Public,corporate,normal,,0,29,allowed,allowed
evt-009878,FIN-005,Finance,RES-022,Internal,corporate,normal,,0,53,allowed,flagged
evt-009788,ENG-014,Engineering,RES-010,Confidential,corporate,normal,,0,7,allowed,allowed
evt-009490,ENG-001,Engineering,RES-018,Internal,vpn,normal,,0,0,allowed,allowed
evt-010547,LEG-004,Legal,RES-026,Public,corporate,normal,,0,28,allowed,allowed
evt-009841,FIN-003,Finance,RES-012,Confidential,corporate,normal,,0,12,allowed,allowed
evt-010545,LEG-003,Legal,RES-015,Confidential,corporate,normal,,17,26,allowed,allowed
evt-010524,LEG-002,Legal,RES-025,Public,vpn,normal,,0,0,allowed,allowed
evt-010536,LEG-003,Legal,RES-015,Confidential,corporate,normal,,0,22,allowed,allowed
evt-009986,HR-002,HR,RES-004,Privileged,corporate,normal,,0,16,allowed,allowed
evt-010550,LEG-004,Legal,RES-016,Confidential,corporate,normal,,0,15,allowed,allowed
evt-010262,IT-001,IT Security,RES-013,Confidential,corporate,normal,,0,24,allowed,allowed
evt-009771,ENG-014,Engineering,RES-023,Internal,corporate,normal,,0,6,allowed,allowed
evt-010193,CA-006,Clinical,RES-021,Internal,vpn,normal,,0,0,allowed,allowed
evt-010412,IT-005,IT Security,RES-007,Privileged,vpn,normal,,0,0,allowed,allowed
evt-009567,ENG-005,Engineering,RES-017,Internal,vpn,normal,,0,0,allowed,allowed
evt-010303,IT-002,IT Security,RES-007,Privileged,corporate,normal,,0,3,allowed,allowed
evt-010513,LEG-001,Legal,RES-016,Confidential,vpn,normal,,0,0,allowed,allowed
evt-009573,ENG-005,Engineering,RES-022,Internal,vpn,normal,,0,0,allowed,allowed
evt-010563,LEG-004,Legal,RES-023,Internal,corporate,normal,,0,39,allowed,allowed
evt-009670,ENG-009,Engineering,RES-023,Internal,corporate,normal,,0,19,allowed,allowed
evt-009904,FIN-006,Finance,RES-021,Internal,corporate,normal,,0,19,allowed,allowed
evt-010249,IT-001,IT Security,RES-006,Privileged,corporate,normal,,0,16,allowed,allowed
evt-009723,ENG-012,Engineering,RES-026,Public,vpn,normal,,0,0,allowed,allowed
evt-009588,ENG-006,Engineering,RES-010,Confidential,corporate,normal,,0,3,allowed,allowed
evt-010537,LEG-003,Legal,RES-015,Confidential,vpn,normal,,0,0,allowed,allowed
evt-009583,ENG-005,Engineering,RES-017,Internal,vpn,normal,,0,0,allowed,allowed
evt-009948,FIN-008,Finance,RES-012,Confidential,external,normal,,19,19,allowed,allowed
evt-009820,FIN-002,Finance,RES-011,Confidential,vpn,normal,,0,0,allowed,allowed
evt-009615,ENG-007,Engineering,RES-010,Confidential,vpn,normal,,0,0,allowed,allowed
evt-010126,CA-003,Clinical,RES-001,Privileged,corporate,normal,,0,26,allowed,allowed
evt-010531,LEG-003,Legal,RES-015,Confidential,corporate,normal,,0,16,allowed,allowed
evt-010561,LEG-004,Legal,RES-016,Confidential,corporate,normal,,0,15,allowed,allowed
evt-009880,FIN-005,Finance,RES-025,Public,external,anomalous,impossible_travel,8,8,allowed,allowed
evt-009933,FIN-008,Finance,RES-009,Confidential,external,normal,,53,53,flagged,flagged
evt-009720,ENG-011,Engineering,RES-017,Internal,vpn,normal,,0,0,allowed,allowed
evt-009940,FIN-008,Finance,RES-025,Public,external,normal,,19,19,allowed,allowed
evt-009508,ENG-002,Engineering,RES-021,Internal,corporate,normal,,0,19,allowed,allowed
evt-009750,ENG-012,Engineering,RES-023,Internal,vpn,normal,,0,0,allowed,allowed
evt-010076,HR-007,HR,RES-026,Public,corporate,normal,,0,19,allowed,allowed
evt-009722,ENG-012,Engineering,RES-001,Privileged,external,anomalous,unusual_resource_for_role,97,97,flagged,flagged
evt-009854,FIN-004,Finance,RES-026,Public,corporate,normal,,0,36,allowed,allowed
evt-009943,FIN-008,Finance,RES-022,Internal,external,normal,,63,63,flagged,flagged
evt-009752,ENG-013,Engineering,RES-022,Internal,vpn,normal,,0,0,allowed,allowed
evt-010506,LEG-001,Legal,RES-016,Confidential,corporate,normal,,0,6,allowed,allowed
evt-009999,HR-003,HR,RES-026,Public,corporate,normal,,0,19,allowed,allowed
evt-010544,LEG-003,Legal,RES-016,Confidential,external,anomalous,impossible_travel,3,3,allowed,allowed
evt-009559,ENG-004,Engineering,RES-023,Internal,corporate,normal,,0,35,allowed,allowed
evt-010267,IT-001,IT Security,RES-014,Confidential,corporate,normal,,0,13,allowed,allowed
evt-009939,FIN-008,Finance,RES-009,Confidential,external,normal,,50,50,flagged,flagged
evt-010011,HR-003,HR,RES-021,Internal,corporate,normal,,0,19,allowed,allowed
evt-010401,IT-005,IT Security,RES-014,Confidential,vpn,normal,,0,0,allowed,allowed
evt-009693,ENG-010,Engineering,RES-025,Public,corporate,normal,,0,16,allowed,allowed
evt-009896,FIN-006,Finance,RES-009,Confidential,corporate,normal,,0,15,allowed,allowed
evt-009944,FIN-008,Finance,RES-022,Internal,external,normal,,46,46,allowed,allowed
evt-010558,LEG-004,Legal,RES-015,Confidential,corporate,normal,,0,22,allowed,allowed
evt-010445,IT-006,IT Security,RES-017,Internal,vpn,normal,,0,0,allowed,allowed
evt-009697,ENG-010,Engineering,RES-010,Confidential,corporate,normal,,0,7,allowed,allowed
evt-010179,CA-006,Clinical,RES-003,Privileged,vpn,normal,,0,0,allowed,allowed
evt-010324,IT-002,IT Security,RES-006,Privileged,corporate,normal,,0,19,allowed,allowed
evt-009894,FIN-006,Finance,RES-024,Internal,external,normal,,12,12,allowed,allowed
evt-009580,ENG-005,Engineering,RES-026,Public,vpn,normal,,0,0,allowed,allowed
evt-010419,IT-006,IT Security,RES-006,Privileged,vpn,normal,,0,0,allowed,allowed
evt-009651,ENG-008,Engineering,RES-019,Internal,corporate,normal,,0,6,allowed,allowed
evt-010245,IT-001,IT Security,RES-023,Internal,corporate,normal,,0,19,allowed,allowed
evt-010540,LEG-003,Legal,RES-016,Confidential,vpn,normal,,0,0,allowed,allowed
evt-009817,FIN-001,Finance,RES-009,Confidential,corporate,normal,,0,26,allowed,allowed
evt-009842,FIN-003,Finance,RES-026,Public,corporate,normal,,0,35,allowed,allowed
evt-009873,FIN-004,Finance,RES-021,Internal,corporate,normal,,0,20,allowed,allowed
evt-010154,CA-004,Clinical,RES-001,Privileged,corporate,normal,,0,17,allowed,allowed
evt-009883,FIN-005,Finance,RES-026,Public,corporate,normal,,0,19,allowed,allowed
evt-009571,ENG-005,Engineering,RES-017,Internal,vpn,normal,,0,0,allowed,allowed
evt-009516,ENG-002,Engineering,RES-026,Public,corporate,normal,,0,35,allowed,allowed
evt-009638,ENG-008,Engineering,RES-017,Internal,vpn,normal,,0,0,allowed,allowed
evt-010517,LEG-002,Legal,RES-023,Internal,corporate,normal,,0,19,allowed,allowed
evt-010496,IT-008,IT Security,RES-010,Confidential,vpn,normal,,0,0,allowed,allowed
evt-010187,CA-006,Clinical,RES-026,Public,vpn,normal,,0,0,allowed,allowed
evt-010546,LEG-003,Legal,RES-016,Confidential,vpn,normal,,0,0,allowed,allowed
evt-009731,ENG-012,Engineering,RES-018,Internal,vpn,normal,,0,0,allowed,allowed
evt-010529,LEG-002,Legal,RES-016,Confidential,corporate,normal,,0,1,allowed,allowed
evt-009849,FIN-003,Finance,RES-009,Confidential,corporate,normal,,1,19,allowed,allowed
evt-010185,CA-006,Clinical,RES-022,Internal,vpn,normal,,0,0,allowed,allowed
evt-010571,LEG-005,Legal,RES-016,Confidential,corporate,normal,,0,8,allowed,allowed
evt-010577,LEG-005,Legal,RES-023,Internal,corporate,normal,,0,16,allowed,allowed
evt-009923,FIN-007,Finance,RES-001,Privileged,corporate,anomalous,unusual_resource_for_role,100,100,flagged,flagged
evt-009902,FIN-006,Finance,RES-009,Confidential,external,normal,,19,19,allowed,allowed
evt-010386,IT-005,IT Security,RES-006,Privileged,vpn,normal,,0,0,allowed,allowed
evt-010585,EX-001,Executive,RES-008,Privileged,external,normal,,13,13,allowed,allowed
evt-009869,FIN-004,Finance,RES-024,Internal,corporate,normal,,0,19,allowed,allowed
evt-010108,CA-002,Clinical,RES-023,Internal,corporate,normal,,0,13,allowed,allowed
evt-010259,IT-001,IT Security,RES-007,Privileged,corporate,normal,,0,5,allowed,allowed
evt-009919,FIN-007,Finance,RES-009,Confidential,corporate,normal,,0,13,allowed,allowed
evt-010405,IT-005,IT Security,RES-006,Privileged,vpn,normal,,0,0,allowed,allowed
evt-010554,LEG-004,Legal,RES-026,Public,corporate,normal,,0,29,allowed,allowed
evt-009979,HR-002,HR,RES-023,Internal,corporate,normal,,0,13,allowed,allowed
evt-010098,CA-002,Clinical,RES-026,Public,corporate,normal,,0,15,allowed,allowed
evt-009643,ENG-008,Engineering,RES-019,Internal,corporate,normal,,0,29,allowed,allowed
evt-009890,FIN-005,Finance,RES-022,Internal,corporate,normal,,0,24,allowed,allowed
evt-010553,LEG-004,Legal,RES-016,Confidential,corporate,normal,,0,1,allowed,allowed
evt-009862,FIN-004,Finance,RES-024,Internal,corporate,normal,,0,4,allowed,allowed
evt-010054,HR-006,HR,RES-023,Internal,corporate,normal,,0,15,allowed,allowed
evt-009487,ENG-001,Engineering,RES-010,Confidential,vpn,normal,,0,0,allowed,allowed
evt-009881,FIN-005,Finance,RES-009,Confidential,corporate,anomalous,bulk_data_exfiltration,63,63,flagged,flagged
evt-010194,CA-006,Clinical,RES-003,Privileged,vpn,normal,,0,0,allowed,allowed
evt-009928,FIN-008,Finance,RES-021,Internal,external,normal,,12,12,allowed,allowed
evt-009860,FIN-004,Finance,RES-011,Confidential,corporate,normal,,0,3,allowed,allowed
evt-009997,HR-003,HR,RES-022,Internal,corporate,normal,,0,4,allowed,allowed
evt-009582,ENG-005,Engineering,RES-017,Internal,vpn,normal,,0,0,allowed,allowed
evt-009669,ENG-009,Engineering,RES-025,Public,corporate,normal,,0,29,allowed,allowed
evt-010388,IT-005,IT Security,RES-007,Privileged,vpn,normal,,0,0,allowed,allowed
evt-009967,HR-001,HR,RES-004,Privileged,corporate,normal,,0,16,allowed,allowed
evt-010493,IT-008,IT Security,RES-006,Privileged,vpn,normal,,0,0,allowed,allowed
evt-010573,LEG-005,Legal,RES-024,Internal,corporate,normal,,0,8,allowed,allowed
evt-010027,HR-005,HR,RES-023,Internal,corporate,normal,,0,15,allowed,allowed
evt-009856,FIN-004,Finance,RES-009,Confidential,corporate,normal,,0,17,allowed,allowed
evt-010392,IT-005,IT Security,RES-013,Confidential,vpn,normal,,0,0,allowed,allowed
evt-010507,LEG-001,Legal,RES-015,Confidential,vpn,normal,,0,0,allowed,allowed
evt-009947,FIN-008,Finance,RES-009,Confidential,external,normal,,15,15,allowed,allowed
evt-009945,FIN-008,Finance,RES-025,Public,external,normal,,8,8,allowed,allowed
evt-009918,FIN-007,Finance,RES-022,Internal,corporate,normal,,0,19,allowed,allowed
evt-010024,HR-004,HR,RES-004,Privileged,corporate,normal,,0,16,allowed,allowed
evt-009882,FIN-005,Finance,RES-025,Public,corporate,normal,,0,29,allowed,allowed
evt-009864,FIN-004,Finance,RES-025,Public,corporate,normal,,0,8,allowed,allowed
evt-009591,ENG-006,Engineering,RES-010,Confidential,corporate,normal,,0,7,allowed,allowed
evt-010333,IT-003,IT Security,RES-006,Privileged,vpn,normal,,0,0,allowed,allowed
evt-010566,LEG-005,Legal,RES-024,Internal,corporate,normal,,0,21,allowed,allowed
evt-009548,ENG-004,Engineering,RES-021,Internal,corporate,normal,,0,19,allowed,allowed
evt-010579,LEG-005,Legal,RES-015,Confidential,corporate,normal,,0,1,allowed,allowed
evt-010446,IT-006,IT Security,RES-026,Public,vpn,normal,,0,0,allowed,allowed
evt-010015,HR-004,HR,RES-026,Public,corporate,normal,,0,15,allowed,allowed
evt-010246,IT-001,IT Security,RES-023,Internal,corporate,normal,,0,4,allowed,allowed
evt-010570,LEG-005,Legal,RES-021,Internal,corporate,normal,,1,8,allowed,allowed
evt-010311,IT-002,IT Security,RES-006,Privileged,corporate,normal,,0,15,allowed,allowed
evt-010222,CA-007,Clinical,RES-001,Privileged,corporate,normal,,0,8,allowed,allowed
evt-009495,ENG-001,Engineering,RES-026,Public,vpn,normal,,0,0,allowed,allowed
evt-010534,LEG-003,Legal,RES-023,Internal,corporate,normal,,0,16,allowed,allowed
evt-010360,IT-004,IT Security,RES-006,Privileged,corporate,normal,,0,16,allowed,allowed
evt-010351,IT-003,IT Security,RES-014,Confidential,corporate,anomalous,bulk_data_exfiltration,97,97,flagged,flagged
evt-010433,IT-006,IT Security,RES-007,Privileged,vpn,normal,,0,0,allowed,allowed
evt-009960,HR-001,HR,RES-025,Public,corporate,normal,,0,8,allowed,allowed
evt-010436,IT-006,IT Security,RES-007,Privileged,vpn,normal,,0,0,allowed,allowed
evt-009493,ENG-001,Engineering,RES-026,Public,vpn,normal,,0,0,allowed,allowed
evt-009690,ENG-010,Engineering,RES-018,Internal,vpn,normal,,0,0,allowed,allowed
evt-009625,ENG-007,Engineering,RES-022,Internal,vpn,normal,,0,0,allowed,allowed
evt-010252,IT-001,IT Security,RES-007,Privileged,corporate,normal,,0,1,allowed,allowed
evt-010028,HR-005,HR,RES-022,Internal,corporate,normal,,0,12,allowed,allowed
evt-010572,LEG-005,Legal,RES-022,Internal,corporate,normal,,0,7,allowed,allowed
evt-010382,IT-005,IT Security,RES-020,Internal,vpn,normal,,0,0,allowed,allowed
evt-009577,ENG-005,Engineering,RES-025,Public,vpn,normal,,0,0,allowed,allowed
evt-010336,IT-003,IT Security,RES-004,Privileged,corporate,normal,,0,4,allowed,allowed
evt-010441,IT-006,IT Security,RES-021,Internal,vpn,normal,,0,0,allowed,allowed
evt-009628,ENG-007,Engineering,RES-023,Internal,vpn,normal,,0,0,allowed,allowed
evt-010492,IT-008,IT Security,RES-004,Privileged,vpn,normal,,0,0,allowed,allowed
evt-009964,HR-001,HR,RES-004,Privileged,corporate,normal,,0,15,allowed,allowed
evt-010132,CA-003,Clinical,RES-026,Public,external,normal,,8,8,allowed,allowed
evt-010283,IT-001,IT Security,RES-004,Privileged,corporate,normal,,1,15,allowed,allowed
evt-009958,HR-001,HR,RES-023,Internal,corporate,normal,,0,1,allowed,allowed
evt-010338,IT-003,IT Security,RES-006,Privileged,corporate,normal,,0,6,allowed,allowed
evt-010491,IT-008,IT Security,RES-026,Public,vpn,normal,,0,0,allowed,allowed
evt-010077,HR-007,HR,RES-026,Public,corporate,normal,,1,13,allowed,allowed
evt-010509,LEG-001,Legal,RES-016,Confidential,vpn,normal,,0,0,allowed,allowed
evt-009597,ENG-006,Engineering,RES-023,Internal,corporate,normal,,0,1,allowed,allowed
evt-010527,LEG-002,Legal,RES-016,Confidential,corporate,normal,,0,1,allowed,allowed
evt-010467,IT-007,IT Security,RES-007,Privileged,vpn,normal,,0,0,allowed,allowed
evt-010330,IT-003,IT Security,RES-013,Confidential,corporate,anomalous,bulk_data_exfiltration,97,97,flagged,flagged
evt-010472,IT-007,IT Security,RES-020,Internal,corporate,normal,,0,4,allowed,allowed
evt-009549,ENG-004,Engineering,RES-022,Internal,corporate,normal,,0,3,allowed,allowed
evt-010457,IT-007,IT Security,RES-006,Privileged,corporate,normal,,0,1,allowed,allowed
evt-010244,IT-001,IT Security,RES-013,Confidential,corporate,normal,,0,0,allowed,allowed
evt-009535,ENG-003,Engineering,RES-017,Internal,corporate,normal,,0,4,allowed,allowed
evt-010452,IT-007,IT Security,RES-007,Privileged,vpn,normal,,0,0,allowed,allowed
evt-010482,IT-008,IT Security,RES-021,Internal,vpn,normal,,0,0,allowed,allowed
evt-010373,IT-004,IT Security,RES-007,Privileged,corporate,normal,,0,1,allowed,allowed
evt-010274,IT-001,IT Security,RES-026,Public,corporate,normal,,0,1,allowed,allowed
evt-010432,IT-006,IT Security,RES-021,Internal,vpn,normal,,0,0,allowed,allowed
evt-009799,FIN-001,Finance,RES-025,Public,corporate,normal,,0,1,allowed,allowed
evt-010086,CA-001,Clinical,RES-026,Public,corporate,normal,,0,1,allowed,allowed
evt-010473,IT-007,IT Security,RES-013,Confidential,corporate,normal,,0,0,allowed,allowed
evt-010486,IT-008,IT Security,RES-013,Confidential,vpn,normal,,0,0,allowed,allowed
evt-010270,IT-001,IT Security,RES-013,Confidential,corporate,normal,,0,0,allowed,allowed
evt-009552,ENG-004,Engineering,RES-025,Public,corporate,normal,,0,1,allowed,allowed
evt-010485,IT-008,IT Security,RES-013,Confidential,vpn,normal,,0,0,allowed,allowed
evt-010398,IT-005,IT Security,RES-020,Internal,vpn,normal,,0,0,allowed,allowed
evt-010344,IT-003,IT Security,RES-020,Internal,corporate,normal,,0,4,allowed,allowed
evt-009775,ENG-014,Engineering,RES-018,Internal,corporate,normal,,0,1,allowed,allowed
evt-010107,CA-002,Clinical,RES-023,Internal,corporate,normal,,0,1,allowed,allowed
evt-010294,IT-002,IT Security,RES-007,Privileged,corporate,normal,,0,0,allowed,allowed
evt-009796,ENG-014,Engineering,RES-017,Internal,corporate,normal,,0,1,allowed,allowed
evt-010331,IT-003,IT Security,RES-017,Internal,vpn,normal,,0,0,allowed,allowed
evt-010209,CA-007,Clinical,RES-022,Internal,corporate,normal,,0,1,allowed,allowed
evt-010377,IT-004,IT Security,RES-013,Confidential,corporate,anomalous,first_seen_device_sensitive,100,100,flagged,flagged
evt-010340,IT-003,IT Security,RES-020,Internal,corporate,normal,,0,3,allowed,allowed
evt-010387,IT-005,IT Security,RES-014,Confidential,vpn,normal,,0,0,allowed,allowed
evt-010475,IT-007,IT Security,RES-013,Confidential,corporate,normal,,0,0,allowed,allowed
evt-010093,CA-001,Clinical,RES-003,Privileged,corporate,normal,,0,0,allowed,allowed
evt-010420,IT-006,IT Security,RES-013,Confidential,vpn,normal,,0,0,allowed,allowed
evt-010559,LEG-004,Legal,RES-021,Internal,corporate,normal,,1,8,allowed,allowed
evt-009550,ENG-004,Engineering,RES-019,Internal,corporate,normal,,0,1,allowed,allowed
evt-009656,ENG-008,Engineering,RES-022,Internal,corporate,normal,,0,1,allowed,allowed
evt-009532,ENG-003,Engineering,RES-018,Internal,corporate,normal,,0,0,allowed,allowed
evt-010323,IT-002,IT Security,RES-026,Public,corporate,normal,,0,2,allowed,allowed
evt-010557,LEG-004,Legal,RES-025,Public,corporate,normal,,0,3,allowed,allowed
evt-010298,IT-002,IT Security,RES-020,Internal,corporate,normal,,0,0,allowed,allowed
evt-009829,FIN-002,Finance,RES-011,Confidential,vpn,normal,,0,0,allowed,allowed
evt-009624,ENG-007,Engineering,RES-026,Public,vpn,normal,,0,0,allowed,allowed
evt-010408,IT-005,IT Security,RES-021,Internal,vpn,normal,,0,0,allowed,allowed
evt-010358,IT-004,IT Security,RES-013,Confidential,corporate,normal,,0,0,allowed,allowed
evt-009834,FIN-002,Finance,RES-021,Internal,vpn,normal,,0,0,allowed,allowed
evt-010456,IT-007,IT Security,RES-014,Confidential,corporate,normal,,0,0,allowed,allowed
evt-010286,IT-002,IT Security,RES-021,Internal,corporate,normal,,0,0,allowed,allowed
evt-010596,EX-002,Executive,RES-026,Public,corporate,normal,,0,1,allowed,allowed
evt-010411,IT-005,IT Security,RES-013,Confidential,vpn,normal,,0,0,allowed,allowed
evt-010175,CA-006,Clinical,RES-023,Internal,vpn,normal,,0,0,allowed,allowed
evt-010576,LEG-005,Legal,RES-025,Public,corporate,normal,,0,1,allowed,allowed
evt-009790,ENG-014,Engineering,RES-012,Confidential,corporate,normal,,0,0,allowed,allowed
evt-010384,IT-005,IT Security,RES-013,Confidential,vpn,normal,,0,0,allowed,allowed
evt-010296,IT-002,IT Security,RES-023,Internal,corporate,normal,,0,0,allowed,allowed
evt-010429,IT-006,IT Security,RES-007,Privileged,vpn,normal,,0,0,allowed,allowed
evt-010257,IT-001,IT Security,RES-021,Internal,corporate,normal,,0,0,allowed,allowed
evt-010521,LEG-002,Legal,RES-016,Confidential,vpn,normal,,0,0,allowed,allowed
evt-010287,IT-002,IT Security,RES-014,Confidential,corporate,normal,,0,0,allowed,allowed
evt-010121,CA-003,Clinical,RES-002,Privileged,corporate,normal,,0,1,allowed,allowed
evt-009622,ENG-007,Engineering,RES-010,Confidential,vpn,normal,,0,0,allowed,allowed
evt-010471,IT-007,IT Security,RES-007,Privileged,corporate,normal,,0,1,allowed,allowed
evt-010314,IT-002,IT Security,RES-021,Internal,corporate,normal,,0,0,allowed,allowed
evt-009719,ENG-011,Engineering,RES-021,Internal,vpn,normal,,0,0,allowed,allowed
evt-009950,FIN-008,Finance,RES-012,Confidential,external,normal,,0,0,allowed,allowed
evt-010145,CA-004,Clinical,RES-001,Privileged,external,normal,,1,1,allowed,allowed
evt-010301,IT-002,IT Security,RES-017,Internal,corporate,normal,,0,0,allowed,allowed
evt-009830,FIN-002,Finance,RES-022,Internal,vpn,normal,,0,0,allowed,allowed
evt-010422,IT-006,IT Security,RES-026,Public,vpn,normal,,0,0,allowed,allowed
evt-010253,IT-001,IT Security,RES-014,Confidential,corporate,normal,,0,0,allowed,allowed
evt-010402,IT-005,IT Security,RES-007,Privileged,vpn,normal,,0,0,allowed,allowed
evt-010256,IT-001,IT Security,RES-014,Confidential,corporate,normal,,0,0,allowed,allowed
evt-010254,IT-001,IT Security,RES-021,Internal,corporate,normal,,0,0,allowed,allowed
evt-010251,IT-001,IT Security,RES-020,Internal,corporate,normal,,0,0,allowed,allowed
evt-010417,IT-006,IT Security,RES-014,Confidential,vpn,normal,,0,0,allowed,allowed
evt-010447,IT-007,IT Security,RES-010,Confidential,corporate,normal,,0,0,allowed,allowed
evt-010369,IT-004,IT Security,RES-010,Confidential,corporate,normal,,0,1,allowed,allowed
evt-010300,IT-002,IT Security,RES-006,Privileged,corporate,normal,,0,0,allowed,allowed
evt-010216,CA-007,Clinical,RES-001,Privileged,corporate,normal,,0,1,allowed,allowed
evt-010272,IT-001,IT Security,RES-007,Privileged,corporate,normal,,0,1,allowed,allowed
evt-010458,IT-007,IT Security,RES-014,Confidential,corporate,normal,,0,0,allowed,allowed
evt-009718,ENG-011,Engineering,RES-017,Internal,vpn,normal,,0,0,allowed,allowed
evt-010105,CA-002,Clinical,RES-002,Privileged,corporate,normal,,0,1,allowed,allowed
evt-009646,ENG-008,Engineering,RES-017,Internal,vpn,normal,,0,0,allowed,allowed
evt-010406,IT-005,IT Security,RES-014,Confidential,vpn,normal,,0,0,allowed,allowed
evt-010284,IT-001,IT Security,RES-006,Privileged,corporate,normal,,0,1,allowed,allowed
evt-010423,IT-006,IT Security,RES-013,Confidential,vpn,normal,,0,0,allowed,allowed
evt-010410,IT-005,IT Security,RES-014,Confidential,vpn,normal,,0,0,allowed,allowed
evt-010464,IT-007,IT Security,RES-014,Confidential,corporate,normal,,0,0,allowed,allowed
evt-010413,IT-005,IT Security,RES-014,Confidential,vpn,normal,,0,0,allowed,allowed
evt-010285,IT-002,IT Security,RES-023,Internal,corporate,normal,,0,0,allowed,allowed
evt-010357,IT-004,IT Security,RES-013,Confidential,corporate,normal,,0,0,allowed,allowed
evt-010341,IT-003,IT Security,RES-006,Privileged,corporate,anomalous,bulk_data_exfiltration,97,97,flagged,flagged
evt-010350,IT-003,IT Security,RES-010,Confidential,corporate,normal,,0,0,allowed,allowed
evt-010390,IT-005,IT Security,RES-021,Internal,vpn,normal,,0,0,allowed,allowed
evt-010488,IT-008,IT Security,RES-006,Privileged,vpn,normal,,0,0,allowed,allowed
evt-010376,IT-004,IT Security,RES-006,Privileged,corporate,normal,,0,1,allowed,allowed
evt-010440,IT-006,IT Security,RES-010,Confidential,vpn,normal,,0,0,allowed,allowed
evt-010308,IT-002,IT Security,RES-006,Privileged,corporate,normal,,0,0,allowed,allowed
evt-010363,IT-004,IT Security,RES-026,Public,corporate,normal,,0,0,allowed,allowed
evt-010263,IT-001,IT Security,RES-006,Privileged,corporate,normal,,0,0,allowed,allowed
evt-010325,IT-002,IT Security,RES-006,Privileged,corporate,normal,,0,1,allowed,allowed
evt-010365,IT-004,IT Security,RES-020,Internal,corporate,normal,,0,0,allowed,allowed
evt-010327,IT-002,IT Security,RES-017,Internal,corporate,normal,,0,1,allowed,allowed
evt-010391,IT-005,IT Security,RES-010,Confidential,vpn,anomalous,first_seen_device_sensitive,96,96,flagged,flagged
evt-010312,IT-002,IT Security,RES-013,Confidential,corporate,normal,,0,0,allowed,allowed
evt-010454,IT-007,IT Security,RES-021,Internal,vpn,normal,,0,0,allowed,allowed
evt-010374,IT-004,IT Security,RES-020,Internal,corporate,normal,,0,0,allowed,allowed
evt-010348,IT-003,IT Security,RES-021,Internal,vpn,normal,,0,0,allowed,allowed
evt-010379,IT-004,IT Security,RES-021,Internal,corporate,normal,,0,0,allowed,allowed
evt-010448,IT-007,IT Security,RES-007,Privileged,corporate,normal,,0,0,allowed,allowed
evt-010481,IT-008,IT Security,RES-014,Confidential,vpn,normal,,0,0,allowed,allowed
evt-010487,IT-008,IT Security,RES-020,Internal,vpn,normal,,0,0,allowed,allowed
evt-010322,IT-002,IT Security,RES-006,Privileged,corporate,normal,,0,1,allowed,allowed
evt-010347,IT-003,IT Security,RES-013,Confidential,corporate,anomalous,bulk_data_exfiltration,99,99,flagged,flagged
evt-010439,IT-006,IT Security,RES-013,Confidential,vpn,normal,,0,0,allowed,allowed
evt-010372,IT-004,IT Security,RES-006,Privileged,corporate,normal,,0,1,allowed,allowed
evt-010291,IT-002,IT Security,RES-014,Confidential,corporate,normal,,0,0,allowed,allowed
evt-010304,IT-002,IT Security,RES-014,Confidential,corporate,normal,,0,0,allowed,allowed
evt-010371,IT-004,IT Security,RES-023,Internal,corporate,normal,,0,1,allowed,allowed
evt-010474,IT-007,IT Security,RES-007,Privileged,vpn,normal,,0,0,allowed,allowed
evt-010453,IT-007,IT Security,RES-026,Public,corporate,normal,,0,0,allowed,allowed
evt-010288,IT-002,IT Security,RES-020,Internal,corporate,normal,,0,0,allowed,allowed
evt-010434,IT-006,IT Security,RES-013,Confidential,vpn,normal,,0,0,allowed,allowed
evt-010428,IT-006,IT Security,RES-026,Public,vpn,normal,,0,0,allowed,allowed
evt-010276,IT-001,IT Security,RES-007,Privileged,corporate,normal,,0,1,allowed,allowed
evt-010427,IT-006,IT Security,RES-007,Privileged,vpn,normal,,0,0,allowed,allowed
evt-010297,IT-002,IT Security,RES-017,Internal,corporate,normal,,0,0,allowed,allowed
evt-010292,IT-002,IT Security,RES-013,Confidential,corporate,normal,,0,0,allowed,allowed
evt-010421,IT-006,IT Security,RES-026,Public,vpn,normal,,0,0,allowed,allowed
evt-010426,IT-006,IT Security,RES-017,Internal,vpn,normal,,0,0,allowed,allowed
evt-010479,IT-008,IT Security,RES-010,Confidential,vpn,normal,,0,0,allowed,allowed
evt-010385,IT-005,IT Security,RES-007,Privileged,vpn,normal,,0,0,allowed,allowed
evt-010437,IT-006,IT Security,RES-026,Public,vpn,normal,,0,0,allowed,allowed
evt-011411,IT-001,IT Security,RES-014,Confidential,corporate,normal,,0,0,allowed,allowed
evt-011401,IT-001,IT Security,RES-017,Internal,corporate,normal,,0,1,allowed,allowed
evt-011587,IT-007,IT Security,RES-014,Confidential,vpn,normal,,0,0,allowed,allowed
evt-011404,IT-001,IT Security,RES-010,Confidential,corporate,normal,,1,1,allowed,allowed
evt-011474,IT-004,IT Security,RES-026,Public,corporate,normal,,0,1,allowed,allowed
evt-011480,IT-004,IT Security,RES-007,Privileged,corporate,normal,,0,0,allowed,allowed
evt-011444,IT-002,IT Security,RES-017,Internal,vpn,normal,,0,0,allowed,allowed
evt-011585,IT-007,IT Security,RES-020,Internal,vpn,normal,,0,0,allowed,allowed
evt-011407,IT-001,IT Security,RES-014,Confidential,corporate,normal,,0,0,allowed,allowed
evt-011485,IT-004,IT Security,RES-014,Confidential,corporate,normal,,0,0,allowed,allowed
evt-011425,IT-002,IT Security,RES-021,Internal,vpn,normal,,0,0,allowed,allowed
evt-011356,CA-007,Clinical,RES-001,Privileged,corporate,anomalous,off_hours_privileged,100,100,flagged,flagged
evt-011452,IT-003,IT Security,RES-026,Public,corporate,normal,,0,1,allowed,allowed
evt-011396,IT-001,IT Security,RES-007,Privileged,vpn,normal,,0,0,allowed,allowed
evt-011377,CA-008,Clinical,RES-002,Privileged,corporate,anomalous,off_hours_privileged,100,100,flagged,flagged
evt-011311,CA-005,Clinical,RES-001,Privileged,corporate,anomalous,off_hours_privileged,100,100,flagged,flagged
evt-011547,IT-006,IT Security,RES-021,Internal,corporate,normal,,0,0,allowed,allowed
evt-011279,CA-004,Clinical,RES-001,Privileged,corporate,anomalous,off_hours_privileged,100,100,flagged,flagged
evt-011562,IT-007,IT Security,RES-006,Privileged,vpn,normal,,0,0,allowed,allowed
evt-011525,IT-005,IT Security,RES-021,Internal,corporate,normal,,0,0,allowed,allowed
evt-011405,IT-001,IT Security,RES-021,Internal,vpn,normal,,0,0,allowed,allowed
evt-011283,CA-004,Clinical,RES-002,Privileged,external,anomalous,off_hours_privileged,99,99,flagged,flagged
evt-011419,IT-002,IT Security,RES-013,Confidential,vpn,normal,,0,0,allowed,allowed
evt-011422,IT-002,IT Security,RES-017,Internal,vpn,normal,,0,0,allowed,allowed
evt-011304,CA-005,Clinical,RES-002,Privileged,corporate,anomalous,off_hours_privileged,100,100,flagged,flagged
evt-011553,IT-006,IT Security,RES-013,Confidential,corporate,normal,,0,0,allowed,allowed
evt-011450,IT-003,IT Security,RES-013,Confidential,vpn,normal,,0,0,allowed,allowed
evt-011586,IT-007,IT Security,RES-010,Confidential,corporate,normal,,0,1,allowed,allowed
evt-011242,CA-002,Clinical,RES-003,Privileged,corporate,anomalous,off_hours_privileged,100,100,flagged,flagged
evt-011237,CA-002,Clinical,RES-002,Privileged,corporate,anomalous,off_hours_privileged,100,100,flagged,flagged
evt-011477,IT-004,IT Security,RES-014,Confidential,corporate,normal,,0,0,allowed,allowed
evt-011499,IT-004,IT Security,RES-013,Confidential,corporate,normal,,0,0,allowed,allowed
evt-011274,CA-004,Clinical,RES-003,Privileged,vpn,anomalous,off_hours_privileged,100,100,flagged,flagged
evt-011200,HR-007,HR,RES-004,Privileged,corporate,anomalous,off_hours_privileged,100,100,flagged,flagged
evt-011558,IT-006,IT Security,RES-014,Confidential,corporate,normal,,0,0,allowed,allowed
evt-011415,IT-001,IT Security,RES-014,Confidential,corporate,normal,,0,0,allowed,allowed
evt-011080,HR-001,HR,RES-004,Privileged,corporate,anomalous,off_hours_privileged,100,100,flagged,flagged
evt-011610,IT-008,IT Security,RES-021,Internal,corporate,normal,,0,0,allowed,allowed
evt-011429,IT-002,IT Security,RES-026,Public,vpn,normal,,0,0,allowed,allowed
evt-011277,CA-004,Clinical,RES-001,Privileged,corporate,anomalous,off_hours_privileged,100,100,flagged,flagged
evt-011588,IT-007,IT Security,RES-014,Confidential,vpn,normal,,0,0,allowed,allowed
evt-011234,CA-001,Clinical,RES-002,Privileged,corporate,anomalous,off_hours_privileged,100,100,flagged,flagged
evt-011381,CA-008,Clinical,RES-001,Privileged,corporate,anomalous,off_hours_privileged,100,100,flagged,flagged
evt-011521,IT-005,IT Security,RES-017,Internal,corporate,normal,,0,0,allowed,allowed
evt-011330,CA-006,Clinical,RES-001,Privileged,vpn,anomalous,off_hours_privileged,100,100,flagged,flagged
evt-011572,IT-007,IT Security,RES-007,Privileged,corporate,normal,,0,0,allowed,allowed
evt-011368,CA-008,Clinical,RES-001,Privileged,corporate,anomalous,off_hours_privileged,100,100,flagged,flagged
evt-011527,IT-006,IT Security,RES-007,Privileged,corporate,normal,,0,0,allowed,allowed
evt-011488,IT-004,IT Security,RES-026,Public,corporate,normal,,0,1,allowed,allowed
evt-011466,IT-003,IT Security,RES-004,Privileged,vpn,normal,,0,0,allowed,allowed
evt-011441,IT-002,IT Security,RES-006,Privileged,vpn,normal,,0,0,allowed,allowed
evt-011454,IT-003,IT Security,RES-023,Internal,vpn,normal,,0,0,allowed,allowed
evt-011384,CA-008,Clinical,RES-001,Privileged,corporate,anomalous,off_hours_privileged,100,100,flagged,flagged
evt-011343,CA-007,Clinical,RES-001,Privileged,corporate,anomalous,off_hours_privileged,100,100,flagged,flagged
evt-011593,IT-008,IT Security,RES-014,Confidential,corporate,normal,,0,0,allowed,allowed
evt-011223,CA-001,Clinical,RES-001,Privileged,corporate,anomalous,off_hours_privileged,100,100,flagged,flagged
evt-011589,IT-007,IT Security,RES-006,Privileged,corporate,normal,,1,1,allowed,allowed
evt-011335,CA-006,Clinical,RES-002,Privileged,vpn,anomalous,off_hours_privileged,99,99,flagged,flagged
evt-011402,IT-001,IT Security,RES-021,Internal,vpn,normal,,0,0,allowed,allowed
evt-011607,IT-008,IT Security,RES-017,Internal,corporate,normal,,0,0,allowed,allowed
evt-011358,CA-007,Clinical,RES-002,Privileged,corporate,anomalous,off_hours_privileged,100,100,flagged,flagged
evt-011101,HR-002,HR,RES-004,Privileged,vpn,anomalous,off_hours_privileged,100,100,flagged,flagged
evt-011522,IT-005,IT Security,RES-014,Confidential,corporate,normal,,0,0,allowed,allowed
evt-011320,CA-005,Clinical,RES-002,Privileged,corporate,anomalous,off_hours_privileged,99,99,flagged,flagged
evt-011435,IT-002,IT Security,RES-006,Privileged,vpn,normal,,0,0,allowed,allowed
evt-011559,IT-006,IT Security,RES-007,Privileged,corporate,normal,,0,0,allowed,allowed
evt-011439,IT-002,IT Security,RES-007,Privileged,vpn,normal,,0,0,allowed,allowed
evt-011550,IT-006,IT Security,RES-013,Confidential,corporate,normal,,0,1,allowed,allowed
evt-011535,IT-006,IT Security,RES-021,Internal,corporate,normal,,0,1,allowed,allowed
evt-011604,IT-008,IT Security,RES-013,Confidential,corporate,normal,,0,0,allowed,allowed
evt-011494,IT-004,IT Security,RES-017,Internal,corporate,normal,,0,3,allowed,allowed
evt-011449,IT-002,IT Security,RES-014,Confidential,vpn,normal,,0,0,allowed,allowed
evt-011551,IT-006,IT Security,RES-021,Internal,corporate,normal,,0,1,allowed,allowed
evt-011467,IT-003,IT Security,RES-026,Public,vpn,normal,,0,0,allowed,allowed
evt-011540,IT-006,IT Security,RES-007,Privileged,corporate,normal,,0,1,allowed,allowed
evt-011394,IT-001,IT Security,RES-014,Confidential,corporate,normal,,0,1,allowed,allowed
evt-011489,IT-004,IT Security,RES-014,Confidential,corporate,normal,,0,1,allowed,allowed
evt-011546,IT-006,IT Security,RES-014,Confidential,corporate,normal,,0,0,allowed,allowed
evt-011426,IT-002,IT Security,RES-026,Public,vpn,normal,,0,0,allowed,allowed
evt-011472,IT-004,IT Security,RES-026,Public,corporate,normal,,0,4,allowed,allowed
evt-011520,IT-005,IT Security,RES-007,Privileged,corporate,normal,,0,1,allowed,allowed
evt-011416,IT-002,IT Security,RES-007,Privileged,vpn,anomalous,first_seen_device_sensitive,99,99,flagged,flagged
evt-011555,IT-006,IT Security,RES-021,Internal,corporate,normal,,0,0,allowed,allowed
evt-011442,IT-002,IT Security,RES-007,Privileged,vpn,normal,,0,0,allowed,allowed
evt-011484,IT-004,IT Security,RES-007,Privileged,corporate,anomalous,first_seen_device_sensitive,99,99,flagged,flagged
evt-011493,IT-004,IT Security,RES-020,Internal,corporate,normal,,0,7,allowed,allowed
evt-011392,IT-001,IT Security,RES-007,Privileged,corporate,normal,,0,1,allowed,allowed
evt-011398,IT-001,IT Security,RES-013,Confidential,corporate,normal,,0,0,allowed,allowed
evt-010746,ENG-007,Engineering,RES-026,Public,corporate,normal,,0,4,allowed,allowed
evt-010756,ENG-008,Engineering,RES-022,Internal,external,normal,,3,3,allowed,allowed
evt-010777,ENG-009,Engineering,RES-019,Internal,corporate,normal,,0,5,allowed,allowed
evt-010815,ENG-010,Engineering,RES-018,Internal,corporate,normal,,0,4,allowed,allowed
evt-010769,ENG-008,Engineering,RES-023,Internal,external,normal,,3,3,allowed,allowed
evt-010826,ENG-010,Engineering,RES-018,Internal,external,normal,,4,4,allowed,allowed
evt-011711,EX-002,Executive,RES-023,Internal,corporate,normal,,0,3,allowed,allowed
evt-011319,CA-005,Clinical,RES-001,Privileged,corporate,normal,,3,19,allowed,allowed
evt-010644,ENG-002,Engineering,RES-019,Internal,corporate,normal,,0,4,allowed,allowed
evt-010703,ENG-005,Engineering,RES-010,Confidential,corporate,normal,,0,3,allowed,allowed
evt-010664,ENG-003,Engineering,RES-026,Public,vpn,normal,,0,0,allowed,allowed
evt-010814,ENG-010,Engineering,RES-026,Public,corporate,normal,,0,4,allowed,allowed
evt-011697,EX-001,Executive,RES-021,Internal,vpn,normal,,0,0,allowed,allowed
evt-011469,IT-003,IT Security,RES-026,Public,corporate,normal,,0,3,allowed,allowed
evt-010662,ENG-003,Engineering,RES-012,Confidential,corporate,normal,,1,8,allowed,allowed
evt-010808,ENG-010,Engineering,RES-018,Internal,external,normal,,3,3,allowed,allowed
evt-010729,ENG-006,Engineering,RES-023,Internal,vpn,normal,,0,0,allowed,allowed
evt-010747,ENG-007,Engineering,RES-021,Internal,corporate,normal,,0,2,allowed,allowed
evt-010833,ENG-011,Engineering,RES-026,Public,corporate,normal,,0,4,allowed,allowed
evt-011245,CA-002,Clinical,RES-026,Public,corporate,normal,,0,3,allowed,allowed
evt-011256,CA-003,Clinical,RES-022,Internal,corporate,normal,,0,4,allowed,allowed
evt-011362,CA-008,Clinical,RES-005,Privileged,corporate,anomalous,privilege_escalation,99,99,flagged,flagged
evt-010836,ENG-011,Engineering,RES-026,Public,corporate,normal,,0,4,allowed,allowed
evt-011386,CA-008,Clinical,RES-005,Privileged,corporate,anomalous,privilege_escalation,99,99,flagged,flagged
evt-011243,CA-002,Clinical,RES-026,Public,corporate,normal,,0,3,allowed,allowed
evt-010886,ENG-013,Engineering,RES-017,Internal,vpn,normal,,0,0,allowed,allowed
evt-010899,ENG-014,Engineering,RES-023,Internal,vpn,normal,,0,0,allowed,allowed
evt-010647,ENG-002,Engineering,RES-017,Internal,corporate,normal,,0,1,allowed,allowed
evt-010659,ENG-003,Engineering,RES-018,Internal,corporate,normal,,0,4,allowed,allowed
evt-010825,ENG-010,Engineering,RES-017,Internal,corporate,normal,,0,1,allowed,allowed
evt-010873,ENG-012,Engineering,RES-025,Public,vpn,normal,,0,0,allowed,allowed
evt-010610,ENG-001,Engineering,RES-026,Public,vpn,normal,,0,0,allowed,allowed
evt-010626,ENG-001,Engineering,RES-021,Internal,vpn,normal,,0,0,allowed,allowed
evt-011325,CA-006,Clinical,RES-001,Privileged,corporate,normal,,4,21,allowed,allowed
evt-010653,ENG-003,Engineering,RES-005,Privileged,vpn,anomalous,unusual_resource_for_role,99,99,flagged,flagged
evt-010704,ENG-005,Engineering,RES-023,Internal,corporate,normal,,0,4,allowed,allowed
evt-010800,ENG-010,Engineering,RES-022,Internal,external,normal,,3,3,allowed,allowed
evt-011705,EX-001,Executive,RES-015,Confidential,external,normal,,8,8,allowed,allowed
evt-010858,ENG-012,Engineering,RES-017,Internal,vpn,normal,,0,0,allowed,allowed
evt-010862,ENG-012,Engineering,RES-018,Internal,corporate,normal,,0,7,allowed,allowed
evt-011268,CA-003,Clinical,RES-002,Privileged,corporate,normal,,0,19,allowed,allowed
evt-010834,ENG-011,Engineering,RES-023,Internal,corporate,normal,,0,12,allowed,allowed
evt-011709,EX-002,Executive,RES-025,Public,corporate,normal,,0,4,allowed,allowed
evt-010698,ENG-005,Engineering,RES-021,Internal,corporate,normal,,0,10,allowed,allowed
evt-010852,ENG-011,Engineering,RES-026,Public,corporate,normal,,1,19,allowed,allowed
evt-010621,ENG-001,Engineering,RES-022,Internal,vpn,normal,,0,0,allowed,allowed
evt-010759,ENG-008,Engineering,RES-017,Internal,external,normal,,16,16,allowed,allowed
evt-010842,ENG-011,Engineering,RES-019,Internal,corporate,normal,,0,17,allowed,allowed
evt-010857,ENG-012,Engineering,RES-011,Confidential,external,normal,,17,17,allowed,allowed
evt-010810,ENG-010,Engineering,RES-018,Internal,external,normal,,19,19,allowed,allowed
evt-010776,ENG-009,Engineering,RES-025,Public,corporate,normal,,0,19,allowed,allowed
evt-010675,ENG-004,Engineering,RES-018,Internal,corporate,normal,,0,12,allowed,allowed
evt-011374,CA-008,Clinical,RES-005,Privileged,corporate,anomalous,privilege_escalation,100,100,flagged,flagged
evt-010876,ENG-013,Engineering,RES-023,Internal,vpn,normal,,0,0,allowed,allowed
evt-010742,ENG-007,Engineering,RES-022,Internal,corporate,normal,,0,12,allowed,allowed
evt-010785,ENG-009,Engineering,RES-010,Confidential,corporate,normal,,0,6,allowed,allowed
evt-011699,EX-001,Executive,RES-021,Internal,corporate,normal,,0,4,allowed,allowed
evt-011336,CA-006,Clinical,RES-002,Privileged,corporate,normal,,0,28,allowed,allowed
evt-010895,ENG-013,Engineering,RES-023,Internal,vpn,normal,,0,0,allowed,allowed
evt-010619,ENG-001,Engineering,RES-017,Internal,vpn,normal,,0,0,allowed,allowed
evt-011247,CA-002,Clinical,RES-025,Public,corporate,normal,,0,49,allowed,allowed
evt-010674,ENG-003,Engineering,RES-018,Internal,vpn,normal,,0,0,allowed,allowed
evt-011475,IT-004,IT Security,RES-006,Privileged,corporate,normal,,0,4,allowed,allowed
evt-010614,ENG-001,Engineering,RES-011,Confidential,vpn,normal,,0,0,allowed,allowed
evt-010902,ENG-014,Engineering,RES-005,Privileged,corporate,anomalous,privilege_escalation,100,100,flagged,flagged
evt-010708,ENG-005,Engineering,RES-017,Internal,corporate,normal,,0,4,allowed,allowed
evt-011490,IT-004,IT Security,RES-026,Public,corporate,normal,,0,4,allowed,allowed
evt-010700,ENG-005,Engineering,RES-010,Confidential,external,anomalous,impossible_travel,7,7,allowed,allowed
evt-011258,CA-003,Clinical,RES-026,Public,corporate,normal,,0,8,allowed,allowed
evt-011523,IT-005,IT Security,RES-013,Confidential,corporate,normal,,0,0,allowed,allowed
evt-010779,ENG-009,Engineering,RES-023,Internal,corporate,normal,,0,8,allowed,allowed
evt-011263,CA-003,Clinical,RES-026,Public,corporate,normal,,0,53,allowed,flagged
evt-011716,EX-002,Executive,RES-008,Privileged,corporate,normal,,0,12,allowed,allowed
evt-010840,ENG-011,Engineering,RES-026,Public,corporate,normal,,0,20,allowed,allowed
evt-010655,ENG-003,Engineering,RES-022,Internal,corporate,normal,,0,16,allowed,allowed
evt-011254,CA-003,Clinical,RES-001,Privileged,corporate,normal,,0,28,allowed,allowed
evt-010606,ENG-001,Engineering,RES-019,Internal,vpn,normal,,0,0,allowed,allowed
evt-010771,ENG-008,Engineering,RES-018,Internal,external,normal,,7,7,allowed,allowed
evt-010844,ENG-011,Engineering,RES-010,Confidential,corporate,normal,,0,7,allowed,allowed
evt-010770,ENG-008,Engineering,RES-017,Internal,external,normal,,16,16,allowed,allowed
evt-010661,ENG-003,Engineering,RES-022,Internal,corporate,normal,,0,16,allowed,allowed
evt-010801,ENG-010,Engineering,RES-017,Internal,corporate,normal,,0,4,allowed,allowed
evt-010820,ENG-010,Engineering,RES-022,Internal,corporate,normal,,0,4,allowed,allowed
evt-011506,IT-005,IT Security,RES-026,Public,corporate,normal,,0,1,allowed,allowed
evt-010695,ENG-005,Engineering,RES-019,Internal,corporate,normal,,0,6,allowed,allowed
evt-011220,CA-001,Clinical,RES-022,Internal,corporate,normal,,0,19,allowed,allowed
evt-010816,ENG-010,Engineering,RES-022,Internal,corporate,normal,,0,7,allowed,allowed
evt-011321,CA-006,Clinical,RES-026,Public,corporate,normal,,0,12,allowed,allowed
evt-010845,ENG-011,Engineering,RES-018,Internal,corporate,normal,,0,17,allowed,allowed
evt-010754,ENG-008,Engineering,RES-018,Internal,external,normal,,7,7,allowed,allowed
evt-011222,CA-001,Clinical,RES-002,Privileged,corporate,normal,,0,15,allowed,allowed
evt-011265,CA-003,Clinical,RES-017,Internal,corporate,anomalous,unusual_resource_for_role,96,96,flagged,flagged
evt-010868,ENG-012,Engineering,RES-026,Public,vpn,normal,,0,0,allowed,allowed
evt-010841,ENG-011,Engineering,RES-022,Internal,corporate,normal,,0,8,allowed,allowed
evt-010804,ENG-010,Engineering,RES-010,Confidential,external,normal,,6,6,allowed,allowed
evt-010872,ENG-012,Engineering,RES-022,Internal,corporate,normal,,0,17,allowed,allowed
evt-010723,ENG-006,Engineering,RES-021,Internal,corporate,normal,,0,5,allowed,allowed
evt-011221,CA-001,Clinical,RES-003,Privileged,corporate,normal,,0,17,allowed,allowed
evt-010904,ENG-014,Engineering,RES-026,Public,corporate,normal,,0,5,allowed,allowed
evt-010784,ENG-009,Engineering,RES-017,Internal,corporate,normal,,0,8,allowed,allowed
evt-010682,ENG-004,Engineering,RES-026,Public,corporate,normal,,0,21,allowed,allowed
evt-010633,ENG-002,Engineering,RES-018,Internal,corporate,normal,,0,7,allowed,allowed
evt-010676,ENG-004,Engineering,RES-021,Internal,corporate,normal,,0,21,allowed,allowed
evt-010875,ENG-012,Engineering,RES-017,Internal,corporate,normal,,0,8,allowed,allowed
evt-011278,CA-004,Clinical,RES-022,Internal,vpn,normal,,0,0,allowed,allowed
evt-010709,ENG-005,Engineering,RES-026,Public,corporate,normal,,0,4,allowed,allowed
evt-011534,IT-006,IT Security,RES-014,Confidential,corporate,normal,,0,2,allowed,allowed
evt-011235,CA-001,Clinical,RES-001,Privileged,corporate,normal,,0,28,allowed,allowed
evt-010646,ENG-002,Engineering,RES-017,Internal,corporate,normal,,0,19,allowed,allowed
evt-011251,CA-003,Clinical,RES-003,Privileged,corporate,normal,,0,19,allowed,allowed
evt-010900,ENG-014,Engineering,RES-026,Public,vpn,normal,,0,0,allowed,allowed
evt-010713,ENG-005,Engineering,RES-017,Internal,corporate,normal,,0,4,allowed,allowed
evt-011250,CA-003,Clinical,RES-023,Internal,corporate,normal,,0,28,allowed,allowed
evt-010848,ENG-011,Engineering,RES-017,Internal,corporate,normal,,0,12,allowed,allowed
evt-011353,CA-007,Clinical,RES-022,Internal,corporate,normal,,0,26,allowed,allowed
evt-011577,IT-007,IT Security,RES-021,Internal,vpn,normal,,0,0,allowed,allowed
evt-010871,ENG-012,Engineering,RES-023,Internal,vpn,normal,,0,0,allowed,allowed
evt-011420,IT-002,IT Security,RES-007,Privileged,vpn,normal,,0,0,allowed,allowed
evt-010791,ENG-009,Engineering,RES-026,Public,corporate,normal,,0,22,allowed,allowed
evt-010846,ENG-011,Engineering,RES-017,Internal,corporate,normal,,0,7,allowed,allowed
evt-011252,CA-003,Clinical,RES-021,Internal,corporate,normal,,0,35,allowed,allowed
evt-010838,ENG-011,Engineering,RES-017,Internal,corporate,normal,,0,12,allowed,allowed
evt-010922,FIN-001,Finance,RES-023,Internal,corporate,normal,,0,5,allowed,allowed
evt-011224,CA-001,Clinical,RES-001,Privileged,corporate,normal,,0,29,allowed,allowed
evt-011174,HR-005,HR,RES-026,Public,corporate,normal,,0,8,allowed,allowed
evt-010952,FIN-002,Finance,RES-009,Confidential,corporate,normal,,0,4,allowed,allowed
evt-011137,HR-004,HR,RES-022,Internal,corporate,normal,,0,7,allowed,allowed
evt-010933,FIN-001,Finance,RES-021,Internal,corporate,normal,,0,4,allowed,allowed
evt-011018,FIN-005,Finance,RES-025,Public,corporate,normal,,0,1,allowed,allowed
evt-011210,HR-007,HR,RES-026,Public,corporate,normal,,0,6,allowed,allowed
evt-010977,FIN-003,Finance,RES-026,Public,vpn,normal,,0,0,allowed,allowed
evt-011129,HR-003,HR,RES-004,Privileged,corporate,normal,,1,6,allowed,allowed
evt-010979,FIN-004,Finance,RES-009,Confidential,vpn,normal,,1,1,allowed,allowed
evt-011166,HR-005,HR,RES-027,Public,corporate,normal,,0,4,allowed,allowed
evt-011147,HR-004,HR,RES-026,Public,corporate,normal,,0,4,allowed,allowed
evt-010917,FIN-001,Finance,RES-026,Public,corporate,normal,,0,28,allowed,allowed
evt-010966,FIN-003,Finance,RES-009,Confidential,corporate,normal,,0,29,allowed,allowed
evt-011049,FIN-007,Finance,RES-009,Confidential,corporate,normal,,0,24,allowed,allowed
evt-010991,FIN-004,Finance,RES-022,Internal,corporate,normal,,0,16,allowed,allowed
evt-010969,FIN-003,Finance,RES-026,Public,corporate,normal,,0,26,allowed,allowed
evt-011313,CA-005,Clinical,RES-002,Privileged,corporate,normal,,0,34,allowed,allowed
evt-011178,HR-006,HR,RES-025,Public,vpn,normal,,0,0,allowed,allowed
evt-010999,FIN-004,Finance,RES-012,Confidential,corporate,anomalous,first_seen_device_sensitive,96,96,flagged,flagged
evt-011122,HR-003,HR,RES-022,Internal,corporate,normal,,0,19,allowed,allowed
evt-011021,FIN-005,Finance,RES-021,Internal,corporate,normal,,0,7,allowed,allowed
evt-010925,FIN-001,Finance,RES-026,Public,corporate,normal,,0,4,allowed,allowed
evt-011146,HR-004,HR,RES-026,Public,corporate,normal,,0,19,allowed,allowed
evt-010609,ENG-001,Engineering,RES-018,Internal,vpn,normal,,0,0,allowed,allowed
evt-011170,HR-005,HR,RES-004,Privileged,corporate,normal,,0,29,allowed,allowed
evt-011233,CA-001,Clinical,RES-022,Internal,corporate,normal,,0,36,allowed,allowed
evt-011322,CA-006,Clinical,RES-023,Internal,vpn,normal,,0,0,allowed,allowed
evt-011293,CA-004,Clinical,RES-022,Internal,corporate,normal,,0,92,allowed,flagged
evt-011260,CA-003,Clinical,RES-022,Internal,corporate,normal,,0,29,allowed,allowed
evt-011281,CA-004,Clinical,RES-023,Internal,external,normal,,29,29,allowed,allowed
evt-010812,ENG-010,Engineering,RES-026,Public,corporate,normal,,0,33,allowed,allowed
evt-010854,ENG-011,Engineering,RES-001,Privileged,corporate,anomalous,unusual_resource_for_role,100,100,flagged,flagged
evt-010940,FIN-002,Finance,RES-021,Internal,corporate,normal,,0,17,allowed,allowed
evt-011024,FIN-005,Finance,RES-026,Public,external,anomalous,impossible_travel,12,12,allowed,allowed
evt-010648,ENG-003,Engineering,RES-021,Internal,vpn,normal,,0,0,allowed,allowed
evt-010835,ENG-011,Engineering,RES-021,Internal,external,anomalous,impossible_travel,26,26,allowed,allowed
evt-010882,ENG-013,Engineering,RES-022,Internal,vpn,normal,,0,0,allowed,allowed
evt-010832,ENG-011,Engineering,RES-022,Internal,corporate,normal,,0,29,allowed,allowed
evt-011128,HR-003,HR,RES-004,Privileged,corporate,normal,,0,38,allowed,allowed
evt-010898,ENG-013,Engineering,RES-019,Internal,vpn,normal,,0,0,allowed,allowed
evt-010696,ENG-005,Engineering,RES-019,Internal,corporate,normal,,0,19,allowed,allowed
evt-010829,ENG-011,Engineering,RES-019,Internal,corporate,normal,,0,28,allowed,allowed
evt-010710,ENG-005,Engineering,RES-026,Public,corporate,normal,,0,26,allowed,allowed
evt-011264,CA-003,Clinical,RES-026,Public,corporate,normal,,0,36,allowed,allowed
evt-011383,CA-008,Clinical,RES-022,Internal,corporate,normal,,0,94,allowed,flagged
evt-010795,ENG-009,Engineering,RES-019,Internal,corporate,normal,,0,17,allowed,allowed
evt-011296,CA-005,Clinical,RES-009,Confidential,corporate,anomalous,unusual_resource_for_role,100,100,flagged,flagged
evt-011360,CA-007,Clinical,RES-023,Internal,corporate,normal,,0,70,allowed,flagged
evt-010730,ENG-006,Engineering,RES-023,Internal,corporate,normal,,0,19,allowed,allowed
evt-011590,IT-008,IT Security,RES-020,Internal,corporate,normal,,0,2,allowed,allowed
evt-011504,IT-005,IT Security,RES-017,Internal,corporate,normal,,0,3,allowed,allowed
evt-010671,ENG-003,Engineering,RES-019,Internal,corporate,normal,,0,29,allowed,allowed
evt-010751,ENG-008,Engineering,RES-010,Confidential,external,normal,,6,6,allowed,allowed
evt-011612,IT-008,IT Security,RES-013,Confidential,corporate,normal,,0,3,allowed,allowed
evt-010790,ENG-009,Engineering,RES-023,Internal,corporate,normal,,0,36,allowed,allowed
evt-010714,ENG-005,Engineering,RES-023,Internal,corporate,normal,,0,16,allowed,allowed
evt-010687,ENG-004,Engineering,RES-022,Internal,corporate,normal,,0,63,allowed,flagged
evt-011026,FIN-006,Finance,RES-022,Internal,vpn,normal,,0,0,allowed,allowed
evt-010620,ENG-001,Engineering,RES-018,Internal,vpn,normal,,0,0,allowed,allowed
evt-010711,ENG-005,Engineering,RES-012,Confidential,corporate,normal,,0,15,allowed,allowed
evt-010950,FIN-002,Finance,RES-009,Confidential,corporate,normal,,0,9,allowed,allowed
evt-010726,ENG-006,Engineering,RES-017,Internal,vpn,normal,,0,0,allowed,allowed
evt-010677,ENG-004,Engineering,RES-022,Internal,corporate,normal,,0,63,allowed,flagged
evt-010638,ENG-002,Engineering,RES-017,Internal,corporate,normal,,0,35,allowed,allowed
evt-011196,HR-007,HR,RES-005,Privileged,corporate,normal,,0,8,allowed,allowed
evt-011270,CA-003,Clinical,RES-023,Internal,corporate,normal,,0,60,allowed,flagged
evt-011329,CA-006,Clinical,RES-022,Internal,vpn,normal,,0,0,allowed,allowed
evt-011284,CA-004,Clinical,RES-001,Privileged,corporate,normal,,0,67,allowed,flagged
evt-011239,CA-002,Clinical,RES-003,Privileged,corporate,normal,,0,17,allowed,allowed
evt-010783,ENG-009,Engineering,RES-026,Public,corporate,normal,,0,36,allowed,allowed
evt-010679,ENG-004,Engineering,RES-010,Confidential,external,anomalous,impossible_travel,12,12,allowed,allowed
evt-011114,HR-002,HR,RES-023,Internal,vpn,normal,,0,0,allowed,allowed
evt-010775,ENG-009,Engineering,RES-010,Confidential,corporate,normal,,0,8,allowed,allowed
evt-010827,ENG-010,Engineering,RES-023,Internal,corporate,normal,,0,19,allowed,allowed
evt-010819,ENG-010,Engineering,RES-017,Internal,external,normal,,22,22,allowed,allowed
evt-010993,FIN-004,Finance,RES-009,Confidential,vpn,normal,,0,0,allowed,allowed
evt-011099,HR-002,HR,RES-025,Public,vpn,normal,,0,0,allowed,allowed
evt-010918,FIN-001,Finance,RES-009,Confidential,corporate,normal,,0,21,allowed,allowed
evt-011272,CA-004,Clinical,RES-026,Public,vpn,normal,,0,0,allowed,allowed
evt-010972,FIN-003,Finance,RES-024,Internal,vpn,normal,,0,0,allowed,allowed
evt-010957,FIN-002,Finance,RES-021,Internal,corporate,normal,,0,8,allowed,allowed
evt-010890,ENG-013,Engineering,RES-018,Internal,vpn,normal,,0,0,allowed,allowed
evt-010807,ENG-010,Engineering,RES-018,Internal,external,normal,,36,36,allowed,allowed
evt-010870,ENG-012,Engineering,RES-022,Internal,external,normal,,53,53,flagged,flagged
evt-010656,ENG-003,Engineering,RES-019,Internal,vpn,normal,,0,0,allowed,allowed
evt-011453,IT-003,IT Security,RES-026,Public,corporate,normal,,0,4,allowed,allowed
evt-010623,ENG-001,Engineering,RES-019,Internal,vpn,normal,,0,0,allowed,allowed
evt-011073,FIN-008,Finance,RES-024,Internal,vpn,normal,,0,0,allowed,allowed
evt-011288,CA-004,Clinical,RES-023,Internal,external,normal,,43,43,allowed,allowed
evt-011337,CA-006,Clinical,RES-003,Privileged,vpn,normal,,0,0,allowed,allowed
evt-010628,ENG-001,Engineering,RES-021,Internal,vpn,normal,,0,0,allowed,allowed
evt-011160,HR-005,HR,RES-005,Privileged,corporate,normal,,0,4,allowed,allowed
evt-010639,ENG-002,Engineering,RES-018,Internal,corporate,normal,,0,29,allowed,allowed
evt-011364,CA-008,Clinical,RES-023,Internal,corporate,normal,,0,80,allowed,flagged
evt-010645,ENG-002,Engineering,RES-018,Internal,corporate,normal,,0,63,allowed,flagged
evt-010685,ENG-004,Engineering,RES-022,Internal,corporate,normal,,0,38,allowed,allowed
evt-011180,HR-006,HR,RES-025,Public,vpn,normal,,0,0,allowed,allowed
evt-010615,ENG-001,Engineering,RES-019,Internal,vpn,normal,,0,0,allowed,allowed
evt-011175,HR-006,HR,RES-004,Privileged,vpn,normal,,0,0,allowed,allowed
evt-010749,ENG-008,Engineering,RES-022,Internal,external,normal,,19,19,allowed,allowed
evt-011312,CA-005,Clinical,RES-003,Privileged,corporate,normal,,0,29,allowed,allowed
evt-010705,ENG-005,Engineering,RES-022,Internal,corporate,normal,,0,26,allowed,allowed
evt-010763,ENG-008,Engineering,RES-017,Internal,external,normal,,28,28,allowed,allowed
evt-011526,IT-005,IT Security,RES-013,Confidential,corporate,normal,,0,1,allowed,allowed
evt-010821,ENG-010,Engineering,RES-017,Internal,external,normal,,19,19,allowed,allowed
evt-010911,ENG-014,Engineering,RES-023,Internal,corporate,normal,,0,60,allowed,flagged
evt-011511,IT-005,IT Security,RES-013,Confidential,corporate,normal,,0,0,allowed,allowed
evt-010774,ENG-009,Engineering,RES-025,Public,corporate,normal,,0,31,allowed,allowed
evt-011135,HR-003,HR,RES-004,Privileged,corporate,normal,,0,22,allowed,allowed
evt-011600,IT-008,IT Security,RES-014,Confidential,corporate,normal,,0,0,allowed,allowed
evt-010670,ENG-003,Engineering,RES-018,Internal,corporate,normal,,1,27,allowed,allowed
evt-010945,FIN-002,Finance,RES-009,Confidential,corporate,normal,,0,28,allowed,allowed
evt-010725,ENG-006,Engineering,RES-022,Internal,vpn,normal,,0,0,allowed,allowed
evt-011176,HR-006,HR,RES-027,Public,vpn,normal,,0,0,allowed,allowed
evt-011028,FIN-006,Finance,RES-026,Public,vpn,normal,,0,0,allowed,allowed
evt-010718,ENG-006,Engineering,RES-021,Internal,corporate,normal,,0,23,allowed,allowed
evt-010678,ENG-004,Engineering,RES-026,Public,corporate,normal,,0,26,allowed,allowed
evt-010612,ENG-001,Engineering,RES-017,Internal,vpn,normal,,0,0,allowed,allowed
evt-011010,FIN-005,Finance,RES-011,Confidential,corporate,normal,,0,3,allowed,allowed
evt-011300,CA-005,Clinical,RES-002,Privileged,corporate,normal,,0,27,allowed,allowed
evt-011385,CA-008,Clinical,RES-022,Internal,corporate,normal,,0,86,allowed,flagged
evt-010914,ENG-014,Engineering,RES-026,Public,corporate,normal,,0,42,allowed,allowed
evt-011081,HR-001,HR,RES-005,Privileged,corporate,normal,,0,7,allowed,allowed
evt-010797,ENG-009,Engineering,RES-018,Internal,corporate,normal,,0,63,allowed,flagged
evt-011205,HR-007,HR,RES-025,Public,corporate,normal,,0,67,allowed,flagged
evt-010787,ENG-009,Engineering,RES-025,Public,corporate,normal,,0,62,allowed,flagged
evt-011037,FIN-006,Finance,RES-011,Confidential,external,anomalous,impossible_travel,15,15,allowed,allowed
evt-011292,CA-004,Clinical,RES-001,Privileged,vpn,normal,,0,0,allowed,allowed
evt-010864,ENG-012,Engineering,RES-019,Internal,corporate,normal,,0,60,allowed,flagged
evt-011244,CA-002,Clinical,RES-021,Internal,corporate,normal,,0,53,allowed,flagged
evt-010753,ENG-008,Engineering,RES-026,Public,external,normal,,44,44,allowed,allowed
evt-010768,ENG-008,Engineering,RES-022,Internal,external,normal,,12,12,allowed,allowed
evt-011291,CA-004,Clinical,RES-023,Internal,vpn,normal,,0,0,allowed,allowed
evt-010891,ENG-013,Engineering,RES-017,Internal,vpn,normal,,0,0,allowed,allowed
evt-011365,CA-008,Clinical,RES-003,Privileged,corporate,normal,,0,19,allowed,allowed
evt-010778,ENG-009,Engineering,RES-018,Internal,corporate,normal,,0,53,allowed,flagged
evt-011487,IT-004,IT Security,RES-021,Internal,corporate,normal,,0,4,allowed,allowed
evt-010640,ENG-002,Engineering,RES-010,Confidential,corporate,normal,,0,19,allowed,allowed
evt-011273,CA-004,Clinical,RES-023,Internal,external,normal,,43,43,allowed,allowed
evt-010731,ENG-006,Engineering,RES-010,Confidential,corporate,normal,,0,4,allowed,allowed
evt-010665,ENG-003,Engineering,RES-023,Internal,corporate,normal,,0,34,allowed,allowed
evt-011070,FIN-008,Finance,RES-026,Public,vpn,normal,,0,0,allowed,allowed
evt-010843,ENG-011,Engineering,RES-017,Internal,corporate,normal,,0,53,allowed,flagged
evt-011207,HR-007,HR,RES-026,Public,corporate,normal,,0,27,allowed,allowed
evt-011191,HR-006,HR,RES-023,Internal,vpn,normal,,0,0,allowed,allowed
evt-011602,IT-008,IT Security,RES-013,Confidential,corporate,anomalous,first_seen_device_sensitive,100,100,flagged,flagged
evt-011315,CA-005,Clinical,RES-021,Internal,corporate,normal,,0,53,allowed,flagged
evt-011421,IT-002,IT Security,RES-021,Internal,vpn,normal,,0,0,allowed,allowed
evt-011103,HR-002,HR,RES-004,Privileged,vpn,normal,,0,0,allowed,allowed
evt-010608,ENG-001,Engineering,RES-017,Internal,vpn,normal,,0,0,allowed,allowed
evt-010853,ENG-011,Engineering,RES-017,Internal,corporate,normal,,0,26,allowed,allowed
evt-011228,CA-001,Clinical,RES-001,Privileged,corporate,normal,,0,29,allowed,allowed
evt-010792,ENG-009,Engineering,RES-017,Internal,corporate,normal,,0,29,allowed,allowed
evt-011082,HR-001,HR,RES-005,Privileged,corporate,normal,,0,8,allowed,allowed
evt-011414,IT-001,IT Security,RES-020,Internal,vpn,normal,,0,0,allowed,allowed
evt-010798,ENG-009,Engineering,RES-019,Internal,corporate,normal,,0,29,allowed,allowed
evt-011692,LEG-005,Legal,RES-015,Confidential,corporate,normal,,22,31,allowed,allowed
evt-011625,LEG-001,Legal,RES-015,Confidential,corporate,normal,,0,7,allowed,allowed
evt-011624,LEG-001,Legal,RES-026,Public,corporate,normal,,0,29,allowed,allowed
evt-011627,LEG-001,Legal,RES-015,Confidential,corporate,normal,,0,4,allowed,allowed
evt-011640,LEG-002,Legal,RES-022,Internal,corporate,normal,,0,29,allowed,allowed
evt-011002,FIN-005,Finance,RES-025,Public,corporate,normal,,0,28,allowed,allowed
evt-011713,EX-002,Executive,RES-008,Privileged,corporate,normal,,0,29,allowed,allowed
evt-010636,ENG-002,Engineering,RES-026,Public,corporate,normal,,0,56,allowed,flagged
evt-011341,CA-007,Clinical,RES-026,Public,corporate,normal,,0,36,allowed,allowed
evt-011269,CA-003,Clinical,RES-021,Internal,corporate,normal,,0,26,allowed,allowed
evt-011192,HR-006,HR,RES-023,Internal,vpn,normal,,0,0,allowed,allowed
evt-011712,EX-002,Executive,RES-008,Privileged,corporate,normal,,0,28,allowed,allowed
evt-010887,ENG-013,Engineering,RES-010,Confidential,vpn,normal,,0,0,allowed,allowed
evt-010929,FIN-001,Finance,RES-024,Internal,corporate,normal,,0,36,allowed,allowed
evt-010651,ENG-003,Engineering,RES-022,Internal,vpn,normal,,0,0,allowed,allowed
evt-011168,HR-005,HR,RES-023,Internal,corporate,normal,,0,36,allowed,allowed
evt-010987,FIN-004,Finance,RES-026,Public,corporate,normal,,0,36,allowed,allowed
evt-011686,LEG-005,Legal,RES-025,Public,corporate,normal,,0,38,allowed,allowed
evt-011282,CA-004,Clinical,RES-026,Public,external,normal,,29,29,allowed,allowed
evt-010691,ENG-004,Engineering,RES-019,Internal,corporate,normal,,0,19,allowed,allowed
evt-010629,ENG-001,Engineering,RES-023,Internal,vpn,normal,,0,0,allowed,allowed
evt-010884,ENG-013,Engineering,RES-025,Public,vpn,normal,,0,0,allowed,allowed
evt-010617,ENG-001,Engineering,RES-022,Internal,vpn,normal,,0,0,allowed,allowed
evt-011085,HR-001,HR,RES-021,Internal,corporate,normal,,0,28,allowed,allowed
evt-010760,ENG-008,Engineering,RES-017,Internal,external,normal,,28,28,allowed,allowed
evt-010717,ENG-005,Engineering,RES-017,Internal,corporate,normal,,0,19,allowed,allowed
evt-010909,ENG-014,Engineering,RES-010,Confidential,vpn,normal,,0,0,allowed,allowed
evt-011298,CA-005,Clinical,RES-002,Privileged,corporate,normal,,0,23,allowed,allowed
evt-011190,HR-006,HR,RES-026,Public,corporate,normal,,0,63,allowed,flagged
evt-010931,FIN-001,Finance,RES-009,Confidential,corporate,normal,,0,35,allowed,allowed
evt-011375,CA-008,Clinical,RES-005,Privileged,corporate,anomalous,unusual_resource_for_role,100,100,flagged,flagged
evt-011253,CA-003,Clinical,RES-002,Privileged,corporate,normal,,0,21,allowed,allowed
evt-011241,CA-002,Clinical,RES-023,Internal,corporate,normal,,0,36,allowed,allowed
evt-010604,ENG-001,Engineering,RES-010,Confidential,vpn,normal,,0,0,allowed,allowed
evt-010859,ENG-012,Engineering,RES-026,Public,external,normal,,16,16,allowed,allowed
evt-011154,HR-004,HR,RES-022,Internal,corporate,normal,,0,7,allowed,allowed
evt-010732,ENG-006,Engineering,RES-017,Internal,corporate,normal,,0,62,allowed,flagged
evt-011246,CA-002,Clinical,RES-022,Internal,corporate,normal,,0,29,allowed,allowed
evt-011199,HR-007,HR,RES-022,Internal,corporate,normal,,0,28,allowed,allowed
evt-010955,FIN-002,Finance,RES-022,Internal,corporate,normal,,0,62,allowed,flagged
evt-010740,ENG-007,Engineering,RES-022,Internal,corporate,normal,,0,6,allowed,allowed
evt-010764,ENG-008,Engineering,RES-019,Internal,external,normal,,29,29,allowed,allowed
evt-010985,FIN-004,Finance,RES-024,Internal,corporate,normal,,0,19,allowed,allowed
evt-011149,HR-004,HR,RES-017,Internal,corporate,anomalous,unusual_resource_for_role,97,97,flagged,flagged
evt-011417,IT-002,IT Security,RES-010,Confidential,vpn,normal,,0,0,allowed,allowed
evt-011016,FIN-005,Finance,RES-009,Confidential,corporate,normal,,1,31,allowed,allowed
evt-011280,CA-004,Clinical,RES-026,Public,corporate,normal,,0,28,allowed,allowed
evt-010757,ENG-008,Engineering,RES-018,Internal,external,normal,,26,26,allowed,allowed
evt-010758,ENG-008,Engineering,RES-011,Confidential,external,normal,,8,8,allowed,allowed
evt-011622,LEG-001,Legal,RES-026,Public,corporate,normal,,0,29,allowed,allowed
evt-011189,HR-006,HR,RES-025,Public,vpn,normal,,0,0,allowed,allowed
evt-011621,LEG-001,Legal,RES-023,Internal,corporate,normal,,0,19,allowed,allowed
evt-011125,HR-003,HR,RES-023,Internal,corporate,normal,,0,29,allowed,allowed
evt-011262,CA-003,Clinical,RES-003,Privileged,corporate,normal,,0,29,allowed,allowed
evt-010752,ENG-008,Engineering,RES-017,Internal,external,normal,,28,28,allowed,allowed
evt-011144,HR-004,HR,RES-026,Public,external,anomalous,impossible_travel,60,60,flagged,flagged
evt-011666,LEG-004,Legal,RES-016,Confidential,corporate,normal,,0,4,allowed,allowed
evt-010684,ENG-004,Engineering,RES-026,Public,corporate,normal,,0,63,allowed,flagged
evt-011136,HR-004,HR,RES-004,Privileged,corporate,normal,,0,46,allowed,allowed
evt-011005,FIN-005,Finance,RES-026,Public,corporate,normal,,0,62,allowed,flagged
evt-010883,ENG-013,Engineering,RES-025,Public,vpn,normal,,0,0,allowed,allowed
evt-011232,CA-001,Clinical,RES-001,Privileged,corporate,normal,,0,44,allowed,allowed
evt-010958,FIN-002,Finance,RES-025,Public,corporate,normal,,0,19,allowed,allowed
evt-011658,LEG-003,Legal,RES-015,Confidential,corporate,normal,,0,19,allowed,allowed
evt-011038,FIN-006,Finance,RES-017,Internal,corporate,anomalous,unusual_resource_for_role,97,97,flagged,flagged
evt-011652,LEG-003,Legal,RES-025,Public,corporate,normal,,0,19,allowed,allowed
evt-011169,HR-005,HR,RES-004,Privileged,corporate,anomalous,first_seen_device_sensitive,99,99,flagged,flagged
evt-010865,ENG-012,Engineering,RES-022,Internal,external,normal,,35,35,allowed,allowed
evt-010657,ENG-003,Engineering,RES-010,Confidential,corporate,normal,,1,8,allowed,allowed
evt-011127,HR-003,HR,RES-004,Privileged,corporate,normal,,0,19,allowed,allowed
evt-011163,HR-005,HR,RES-026,Public,corporate,normal,,0,46,allowed,allowed
evt-011287,CA-004,Clinical,RES-002,Privileged,corporate,normal,,0,21,allowed,allowed
evt-010978,FIN-003,Finance,RES-025,Public,vpn,normal,,0,0,allowed,allowed
evt-010702,ENG-005,Engineering,RES-022,Internal,corporate,normal,,0,19,allowed,allowed
evt-011387,CA-008,Clinical,RES-002,Privileged,corporate,normal,,0,19,allowed,allowed
evt-010828,ENG-010,Engineering,RES-022,Internal,external,normal,,19,19,allowed,allowed
evt-011218,CA-001,Clinical,RES-026,Public,corporate,normal,,0,36,allowed,allowed
evt-011710,EX-002,Executive,RES-026,Public,corporate,normal,,0,18,allowed,allowed
evt-010908,ENG-014,Engineering,RES-026,Public,vpn,normal,,0,0,allowed,allowed
evt-010831,ENG-011,Engineering,RES-017,Internal,corporate,normal,,0,17,allowed,allowed
evt-011039,FIN-006,Finance,RES-009,Confidential,vpn,normal,,0,0,allowed,allowed
evt-010625,ENG-001,Engineering,RES-010,Confidential,vpn,normal,,1,1,allowed,allowed
evt-010951,FIN-002,Finance,RES-011,Confidential,corporate,normal,,0,16,allowed,allowed
evt-010942,FIN-002,Finance,RES-017,Internal,corporate,anomalous,unusual_resource_for_role,97,97,flagged,flagged
evt-010874,ENG-012,Engineering,RES-022,Internal,corporate,normal,,0,46,allowed,allowed
evt-010962,FIN-003,Finance,RES-023,Internal,vpn,normal,,0,0,allowed,allowed
evt-010967,FIN-003,Finance,RES-012,Confidential,vpn,normal,,0,0,allowed,allowed
evt-011703,EX-001,Executive,RES-026,Public,external,normal,,29,29,allowed,allowed
evt-010667,ENG-003,Engineering,RES-018,Internal,corporate,normal,,0,19,allowed,allowed
evt-011236,CA-001,Clinical,RES-001,Privileged,corporate,normal,,0,67,allowed,flagged
evt-011323,CA-006,Clinical,RES-003,Privileged,vpn,normal,,0,0,allowed,allowed
evt-011305,CA-005,Clinical,RES-026,Public,corporate,normal,,0,27,allowed,allowed
evt-011011,FIN-005,Finance,RES-009,Confidential,corporate,normal,,0,27,allowed,allowed
evt-011695,EX-001,Executive,RES-016,Confidential,corporate,normal,,1,16,allowed,allowed
evt-010649,ENG-003,Engineering,RES-022,Internal,vpn,normal,,0,0,allowed,allowed
evt-011068,FIN-008,Finance,RES-011,Confidential,vpn,normal,,0,0,allowed,allowed
evt-011641,LEG-002,Legal,RES-024,Internal,corporate,normal,,0,35,allowed,allowed
evt-010803,ENG-010,Engineering,RES-025,Public,external,normal,,19,19,allowed,allowed
evt-011076,FIN-008,Finance,RES-011,Confidential,corporate,normal,,0,19,allowed,allowed
evt-011354,CA-007,Clinical,RES-023,Internal,corporate,normal,,0,60,allowed,flagged
evt-010912,ENG-014,Engineering,RES-005,Privileged,corporate,anomalous,privilege_escalation,100,100,flagged,flagged
evt-011226,CA-001,Clinical,RES-001,Privileged,corporate,normal,,0,29,allowed,allowed
evt-010794,ENG-009,Engineering,RES-018,Internal,corporate,normal,,0,29,allowed,allowed
evt-011164,HR-005,HR,RES-026,Public,corporate,normal,,0,74,allowed,flagged
evt-011094,HR-001,HR,RES-023,Internal,corporate,normal,,0,50,allowed,flagged
evt-010611,ENG-001,Engineering,RES-023,Internal,vpn,normal,,0,0,allowed,allowed
evt-011109,HR-002,HR,RES-022,Internal,vpn,normal,,0,0,allowed,allowed
evt-010926,FIN-001,Finance,RES-009,Confidential,corporate,normal,,0,55,allowed,flagged
evt-010745,ENG-007,Engineering,RES-018,Internal,corporate,normal,,0,17,allowed,allowed
evt-010953,FIN-002,Finance,RES-012,Confidential,corporate,normal,,0,26,allowed,allowed
evt-010963,FIN-003,Finance,RES-009,Confidential,corporate,normal,,0,36,allowed,allowed
evt-010959,FIN-002,Finance,RES-023,Internal,corporate,normal,,0,29,allowed,allowed
evt-011366,CA-008,Clinical,RES-001,Privileged,corporate,normal,,0,50,allowed,flagged
evt-010799,ENG-010,Engineering,RES-017,Internal,corporate,normal,,0,26,allowed,allowed
evt-011307,CA-005,Clinical,RES-001,Privileged,corporate,normal,,0,63,allowed,flagged
evt-011213,HR-007,HR,RES-023,Internal,corporate,normal,,0,63,allowed,flagged
evt-011361,CA-007,Clinical,RES-002,Privileged,corporate,normal,,0,26,allowed,allowed
evt-011633,LEG-002,Legal,RES-022,Internal,corporate,normal,,0,36,allowed,allowed
evt-011108,HR-002,HR,RES-023,Internal,vpn,normal,,0,0,allowed,allowed
evt-011349,CA-007,Clinical,RES-022,Internal,corporate,normal,,0,62,allowed,flagged
evt-011173,HR-005,HR,RES-026,Public,corporate,normal,,0,60,allowed,flagged
evt-010849,ENG-011,Engineering,RES-019,Internal,corporate,normal,,0,28,allowed,allowed
evt-011359,CA-007,Clinical,RES-001,Privileged,corporate,normal,,0,29,allowed,allowed
evt-011130,HR-003,HR,RES-023,Internal,corporate,normal,,0,36,allowed,allowed
evt-010748,ENG-008,Engineering,RES-017,Internal,external,normal,,28,28,allowed,allowed
evt-010697,ENG-005,Engineering,RES-022,Internal,corporate,normal,,0,7,allowed,allowed
evt-011198,HR-007,HR,RES-026,Public,corporate,normal,,0,35,allowed,allowed
evt-011276,CA-004,Clinical,RES-001,Privileged,corporate,normal,,0,42,allowed,allowed
evt-011023,FIN-005,Finance,RES-009,Confidential,corporate,normal,,0,41,allowed,allowed
evt-011074,FIN-008,Finance,RES-024,Internal,corporate,normal,,0,46,allowed,allowed
evt-011694,LEG-005,Legal,RES-016,Confidential,corporate,normal,,0,16,allowed,allowed
evt-010641,ENG-002,Engineering,RES-022,Internal,corporate,normal,,0,38,allowed,allowed
evt-010896,ENG-013,Engineering,RES-023,Internal,vpn,normal,,0,0,allowed,allowed
evt-011367,CA-008,Clinical,RES-026,Public,corporate,normal,,0,53,allowed,flagged
evt-010780,ENG-009,Engineering,RES-018,Internal,corporate,normal,,0,70,allowed,flagged
evt-011238,CA-002,Clinical,RES-001,Privileged,corporate,normal,,0,36,allowed,allowed
evt-011403,IT-001,IT Security,RES-014,Confidential,vpn,normal,,0,0,allowed,allowed
evt-010939,FIN-001,Finance,RES-011,Confidential,corporate,normal,,0,19,allowed,allowed
evt-010988,FIN-004,Finance,RES-011,Confidential,vpn,normal,,1,1,allowed,allowed
evt-010944,FIN-002,Finance,RES-009,Confidential,corporate,normal,,0,48,allowed,allowed
evt-011071,FIN-008,Finance,RES-022,Internal,corporate,normal,,0,35,allowed,allowed
evt-011086,HR-001,HR,RES-026,Public,corporate,normal,,0,67,allowed,flagged
evt-011286,CA-004,Clinical,RES-022,Internal,vpn,normal,,0,0,allowed,allowed
evt-011290,CA-004,Clinical,RES-026,Public,external,normal,,70,70,flagged,flagged
evt-011182,HR-006,HR,RES-023,Internal,corporate,normal,,0,63,allowed,flagged
evt-010650,ENG-003,Engineering,RES-023,Internal,vpn,normal,,0,0,allowed,allowed
evt-011042,FIN-006,Finance,RES-026,Public,vpn,normal,,0,0,allowed,allowed
evt-010927,FIN-001,Finance,RES-022,Internal,corporate,normal,,0,63,allowed,flagged
evt-011031,FIN-006,Finance,RES-021,Internal,external,normal,,53,53,flagged,flagged
evt-010885,ENG-013,Engineering,RES-018,Internal,vpn,normal,,0,0,allowed,allowed
evt-011096,HR-002,HR,RES-027,Public,vpn,normal,,0,0,allowed,allowed
evt-011581,IT-007,IT Security,RES-010,Confidential,corporate,normal,,0,16,allowed,allowed
evt-011056,FIN-007,Finance,RES-022,Internal,corporate,normal,,0,29,allowed,allowed
evt-010782,ENG-009,Engineering,RES-017,Internal,corporate,normal,,0,53,allowed,flagged
evt-010603,ENG-001,Engineering,RES-022,Internal,vpn,normal,,0,0,allowed,allowed
evt-010823,ENG-010,Engineering,RES-017,Internal,external,normal,,53,53,flagged,flagged
evt-010903,ENG-014,Engineering,RES-005,Privileged,corporate,anomalous,privilege_escalation,100,100,flagged,flagged
evt-011643,LEG-002,Legal,RES-023,Internal,corporate,normal,,0,15,allowed,allowed
evt-011372,CA-008,Clinical,RES-002,Privileged,corporate,normal,,0,19,allowed,allowed
evt-011093,HR-001,HR,RES-026,Public,corporate,normal,,0,67,allowed,flagged
evt-010796,ENG-009,Engineering,RES-025,Public,corporate,normal,,0,36,allowed,allowed
evt-010996,FIN-004,Finance,RES-009,Confidential,vpn,normal,,0,0,allowed,allowed
evt-011183,HR-006,HR,RES-004,Privileged,corporate,normal,,0,70,allowed,flagged
evt-011059,FIN-007,Finance,RES-009,Confidential,corporate,normal,,1,26,allowed,allowed
evt-010924,FIN-001,Finance,RES-026,Public,corporate,normal,,0,44,allowed,allowed
evt-011371,CA-008,Clinical,RES-001,Privileged,corporate,normal,,0,29,allowed,allowed
evt-011004,FIN-005,Finance,RES-024,Internal,corporate,normal,,0,35,allowed,allowed
evt-011208,HR-007,HR,RES-004,Privileged,corporate,normal,,0,69,allowed,flagged
evt-011156,HR-004,HR,RES-023,Internal,corporate,normal,,0,36,allowed,allowed
evt-011045,FIN-007,Finance,RES-023,Internal,corporate,normal,,0,42,allowed,allowed
evt-011060,FIN-007,Finance,RES-011,Confidential,corporate,normal,,0,4,allowed,allowed
evt-011118,HR-003,HR,RES-004,Privileged,corporate,normal,,0,36,allowed,allowed
evt-010932,FIN-001,Finance,RES-001,Privileged,corporate,anomalous,unusual_resource_for_role,100,100,flagged,flagged
evt-010990,FIN-004,Finance,RES-011,Confidential,corporate,normal,,1,19,allowed,allowed
evt-010850,ENG-011,Engineering,RES-023,Internal,corporate,normal,,0,21,allowed,allowed
evt-010867,ENG-012,Engineering,RES-018,Internal,external,normal,,18,18,allowed,allowed
evt-011188,HR-006,HR,RES-026,Public,corporate,normal,,0,81,allowed,flagged
evt-010689,ENG-004,Engineering,RES-012,Confidential,corporate,normal,,0,13,allowed,allowed
evt-010910,ENG-014,Engineering,RES-026,Public,vpn,normal,,0,0,allowed,allowed
evt-011091,HR-001,HR,RES-026,Public,corporate,normal,,0,69,allowed,flagged
evt-011075,FIN-008,Finance,RES-024,Internal,corporate,normal,,0,53,allowed,flagged
evt-010888,ENG-013,Engineering,RES-010,Confidential,vpn,normal,,0,0,allowed,allowed
evt-011181,HR-006,HR,RES-004,Privileged,corporate,normal,,0,28,allowed,allowed
evt-011261,CA-003,Clinical,RES-026,Public,corporate,normal,,0,29,allowed,allowed
evt-011706,EX-001,Executive,RES-026,Public,corporate,normal,,0,35,allowed,allowed
evt-010622,ENG-001,Engineering,RES-017,Internal,vpn,normal,,0,0,allowed,allowed
evt-010786,ENG-009,Engineering,RES-017,Internal,corporate,normal,,0,53,allowed,flagged
evt-011424,IT-002,IT Security,RES-014,Confidential,vpn,normal,,0,0,allowed,allowed
evt-011266,CA-003,Clinical,RES-026,Public,corporate,normal,,0,29,allowed,allowed
evt-010733,ENG-006,Engineering,RES-019,Internal,corporate,normal,,0,35,allowed,allowed
evt-011529,IT-006,IT Security,RES-014,Confidential,corporate,normal,,0,3,allowed,allowed
evt-010994,FIN-004,Finance,RES-011,Confidential,corporate,normal,,1,19,allowed,allowed
evt-010724,ENG-006,Engineering,RES-021,Internal,external,anomalous,impossible_travel,26,26,allowed,allowed
evt-010866,ENG-012,Engineering,RES-022,Internal,external,normal,,18,18,allowed,allowed
evt-011203,HR-007,HR,RES-004,Privileged,corporate,normal,,0,60,allowed,flagged
evt-011324,CA-006,Clinical,RES-003,Privileged,vpn,normal,,0,0,allowed,allowed
evt-011058,FIN-007,Finance,RES-023,Internal,corporate,normal,,0,34,allowed,allowed
evt-011688,LEG-005,Legal,RES-026,Public,corporate,normal,,0,19,allowed,allowed
evt-011069,FIN-008,Finance,RES-021,Internal,vpn,normal,,0,0,allowed,allowed
evt-011048,FIN-007,Finance,RES-024,Internal,corporate,normal,,0,35,allowed,allowed
evt-010839,ENG-011,Engineering,RES-011,Confidential,corporate,normal,,1,8,allowed,allowed
evt-011685,LEG-005,Legal,RES-024,Internal,corporate,normal,,0,29,allowed,allowed
evt-011112,HR-002,HR,RES-023,Internal,vpn,normal,,0,0,allowed,allowed
evt-010960,FIN-002,Finance,RES-026,Public,corporate,normal,,0,63,allowed,flagged
evt-010965,FIN-003,Finance,RES-026,Public,vpn,normal,,0,0,allowed,allowed
evt-011661,LEG-004,Legal,RES-026,Public,corporate,normal,,0,19,allowed,allowed
evt-011067,FIN-008,Finance,RES-011,Confidential,vpn,normal,,0,0,allowed,allowed
evt-011119,HR-003,HR,RES-004,Privileged,corporate,normal,,0,63,allowed,flagged
evt-010863,ENG-012,Engineering,RES-017,Internal,vpn,normal,,0,0,allowed,allowed
evt-011306,CA-005,Clinical,RES-003,Privileged,corporate,normal,,0,21,allowed,allowed
evt-011346,CA-007,Clinical,RES-023,Internal,corporate,normal,,0,63,allowed,flagged
evt-011227,CA-001,Clinical,RES-001,Privileged,corporate,normal,,0,29,allowed,allowed
evt-011089,HR-001,HR,RES-004,Privileged,corporate,normal,,0,35,allowed,allowed
evt-011679,LEG-004,Legal,RES-026,Public,corporate,normal,,0,42,allowed,allowed
evt-011682,LEG-005,Legal,RES-026,Public,corporate,normal,,0,29,allowed,allowed
evt-010618,ENG-001,Engineering,RES-022,Internal,vpn,normal,,0,0,allowed,allowed
evt-011072,FIN-008,Finance,RES-009,Confidential,vpn,normal,,0,0,allowed,allowed
evt-011433,IT-002,IT Security,RES-017,Internal,vpn,normal,,0,0,allowed,allowed
evt-011095,HR-002,HR,RES-026,Public,vpn,normal,,0,0,allowed,allowed
evt-010869,ENG-012,Engineering,RES-023,Internal,external,normal,,39,39,allowed,allowed
evt-011301,CA-005,Clinical,RES-001,Privileged,corporate,normal,,0,53,allowed,flagged
evt-011148,HR-004,HR,RES-023,Internal,corporate,normal,,0,28,allowed,allowed
evt-010860,ENG-012,Engineering,RES-017,Internal,corporate,normal,,0,21,allowed,allowed
evt-011642,LEG-002,Legal,RES-025,Public,corporate,normal,,0,8,allowed,allowed
evt-010706,ENG-005,Engineering,RES-017,Internal,corporate,normal,,0,63,allowed,flagged
evt-011162,HR-005,HR,RES-025,Public,corporate,normal,,0,37,allowed,allowed
evt-011536,IT-006,IT Security,RES-014,Confidential,corporate,anomalous,first_seen_device_sensitive,100,100,flagged,flagged
evt-011054,FIN-007,Finance,RES-024,Internal,corporate,normal,,0,28,allowed,allowed
evt-011145,HR-004,HR,RES-023,Internal,corporate,normal,,0,29,allowed,allowed
evt-011087,HR-001,HR,RES-022,Internal,corporate,normal,,0,29,allowed,allowed
evt-010923,FIN-001,Finance,RES-022,Internal,corporate,normal,,0,62,allowed,flagged
evt-011309,CA-005,Clinical,RES-026,Public,corporate,normal,,0,63,allowed,flagged
evt-010734,ENG-007,Engineering,RES-023,Internal,corporate,normal,,0,7,allowed,allowed
evt-010809,ENG-010,Engineering,RES-017,Internal,external,normal,,56,56,flagged,flagged
evt-011214,HR-007,HR,RES-025,Public,corporate,normal,,0,35,allowed,allowed
evt-011088,HR-001,HR,RES-026,Public,external,anomalous,impossible_travel,81,81,flagged,flagged
evt-011334,CA-006,Clinical,RES-022,Internal,vpn,normal,,0,0,allowed,allowed
evt-010986,FIN-004,Finance,RES-024,Internal,vpn,normal,,0,0,allowed,allowed
evt-011009,FIN-005,Finance,RES-025,Public,corporate,normal,,0,7,allowed,allowed
evt-010699,ENG-005,Engineering,RES-025,Public,corporate,normal,,0,29,allowed,allowed
evt-011110,HR-002,HR,RES-026,Public,vpn,normal,,0,0,allowed,allowed
evt-011702,EX-001,Executive,RES-026,Public,vpn,normal,,0,0,allowed,allowed
evt-010830,ENG-011,Engineering,RES-022,Internal,corporate,normal,,0,49,allowed,allowed
evt-011326,CA-006,Clinical,RES-002,Privileged,corporate,normal,,0,26,allowed,allowed
evt-011215,HR-007,HR,RES-023,Internal,corporate,normal,,0,35,allowed,allowed
evt-010607,ENG-001,Engineering,RES-022,Internal,vpn,normal,,0,0,allowed,allowed
evt-011626,LEG-001,Legal,RES-023,Internal,corporate,normal,,0,12,allowed,allowed
evt-011575,IT-007,IT Security,RES-021,Internal,corporate,normal,,0,19,allowed,allowed
evt-010970,FIN-003,Finance,RES-011,Confidential,corporate,normal,,0,1,allowed,allowed
evt-011186,HR-006,HR,RES-025,Public,corporate,normal,,0,80,allowed,flagged
evt-011302,CA-005,Clinical,RES-022,Internal,corporate,normal,,0,35,allowed,allowed
evt-010666,ENG-003,Engineering,RES-019,Internal,corporate,normal,,0,60,allowed,flagged
evt-011121,HR-003,HR,RES-025,Public,corporate,normal,,0,29,allowed,allowed
evt-011120,HR-003,HR,RES-022,Internal,corporate,normal,,0,60,allowed,flagged
evt-011167,HR-005,HR,RES-017,Internal,corporate,anomalous,unusual_resource_for_role,100,100,flagged,flagged
evt-011104,HR-002,HR,RES-025,Public,vpn,normal,,0,0,allowed,allowed
evt-010956,FIN-002,Finance,RES-022,Internal,corporate,normal,,0,7,allowed,allowed
evt-011107,HR-002,HR,RES-004,Privileged,vpn,normal,,0,0,allowed,allowed
evt-011007,FIN-005,Finance,RES-023,Internal,corporate,normal,,0,7,allowed,allowed
evt-011065,FIN-008,Finance,RES-011,Confidential,vpn,anomalous,first_seen_device_sensitive,94,94,flagged,flagged
evt-010881,ENG-013,Engineering,RES-010,Confidential,vpn,normal,,0,0,allowed,allowed
evt-011157,HR-004,HR,RES-023,Internal,corporate,normal,,0,29,allowed,allowed
evt-011628,LEG-001,Legal,RES-015,Confidential,corporate,normal,,1,16,allowed,allowed
evt-011675,LEG-004,Legal,RES-015,Confidential,corporate,anomalous,first_seen_device_sensitive,96,96,flagged,flagged
evt-010632,ENG-002,Engineering,RES-017,Internal,corporate,normal,,0,53,allowed,flagged
evt-011097,HR-002,HR,RES-021,Internal,vpn,normal,,0,0,allowed,allowed
evt-010738,ENG-007,Engineering,RES-010,Confidential,corporate,normal,,0,7,allowed,allowed
evt-011357,CA-007,Clinical,RES-001,Privileged,corporate,normal,,0,53,allowed,flagged
evt-010735,ENG-007,Engineering,RES-026,Public,corporate,normal,,0,29,allowed,allowed
evt-011124,HR-003,HR,RES-025,Public,corporate,normal,,0,94,allowed,flagged
evt-011668,LEG-004,Legal,RES-024,Internal,corporate,normal,,0,36,allowed,allowed
evt-011195,HR-007,HR,RES-021,Internal,corporate,normal,,0,22,allowed,allowed
evt-010658,ENG-003,Engineering,RES-023,Internal,corporate,normal,,0,36,allowed,allowed
evt-010660,ENG-003,Engineering,RES-026,Public,corporate,normal,,0,26,allowed,allowed
evt-011350,CA-007,Clinical,RES-021,Internal,corporate,normal,,0,21,allowed,allowed
evt-011061,FIN-007,Finance,RES-022,Internal,corporate,normal,,0,17,allowed,allowed
evt-011379,CA-008,Clinical,RES-025,Public,corporate,normal,,0,62,allowed,flagged
evt-011672,LEG-004,Legal,RES-024,Internal,corporate,normal,,0,42,allowed,allowed
evt-010635,ENG-002,Engineering,RES-022,Internal,corporate,normal,,0,29,allowed,allowed
evt-010847,ENG-011,Engineering,RES-026,Public,corporate,normal,,0,36,allowed,allowed
evt-010773,ENG-009,Engineering,RES-018,Internal,corporate,normal,,0,36,allowed,allowed
evt-011078,FIN-008,Finance,RES-026,Public,vpn,normal,,0,0,allowed,allowed
evt-011299,CA-005,Clinical,RES-003,Privileged,corporate,normal,,0,16,allowed,allowed
evt-011079,HR-001,HR,RES-004,Privileged,corporate,normal,,0,28,allowed,allowed
evt-011678,LEG-004,Legal,RES-016,Confidential,corporate,normal,,0,13,allowed,allowed
evt-011034,FIN-006,Finance,RES-026,Public,corporate,normal,,0,36,allowed,allowed
evt-010968,FIN-003,Finance,RES-025,Public,corporate,normal,,0,17,allowed,allowed
evt-011219,CA-001,Clinical,RES-022,Internal,corporate,normal,,0,63,allowed,flagged
evt-011344,CA-007,Clinical,RES-001,Privileged,corporate,normal,,0,26,allowed,allowed
evt-010750,ENG-008,Engineering,RES-019,Internal,external,normal,,29,29,allowed,allowed
evt-010973,FIN-003,Finance,RES-009,Confidential,corporate,normal,,0,31,allowed,allowed
evt-011153,HR-004,HR,RES-004,Privileged,corporate,normal,,0,34,allowed,allowed
evt-010681,ENG-004,Engineering,RES-017,Internal,corporate,normal,,0,15,allowed,allowed
evt-011134,HR-003,HR,RES-004,Privileged,corporate,normal,,0,63,allowed,flagged
evt-011267,CA-003,Clinical,RES-026,Public,corporate,normal,,0,29,allowed,allowed
evt-010906,ENG-014,Engineering,RES-017,Internal,corporate,normal,,0,53,allowed,flagged
evt-011077,FIN-008,Finance,RES-009,Confidential,corporate,normal,,0,19,allowed,allowed
evt-011382,CA-008,Clinical,RES-021,Internal,corporate,normal,,0,63,allowed,flagged
evt-011413,IT-001,IT Security,RES-010,Confidential,vpn,normal,,0,0,allowed,allowed
evt-011671,LEG-004,Legal,RES-022,Internal,corporate,normal,,0,29,allowed,allowed
evt-011055,FIN-007,Finance,RES-009,Confidential,corporate,normal,,0,19,allowed,allowed
evt-011683,LEG-005,Legal,RES-023,Internal,corporate,normal,,0,63,allowed,flagged
evt-010654,ENG-003,Engineering,RES-021,Internal,corporate,normal,,0,26,allowed,allowed
evt-010934,FIN-001,Finance,RES-022,Internal,corporate,normal,,0,46,allowed,allowed
evt-011033,FIN-006,Finance,RES-026,Public,corporate,normal,,0,58,allowed,flagged
evt-010690,ENG-004,Engineering,RES-010,Confidential,corporate,normal,,0,8,allowed,allowed
evt-011030,FIN-006,Finance,RES-026,Public,corporate,normal,,0,38,allowed,allowed
evt-010663,ENG-003,Engineering,RES-025,Public,corporate,normal,,0,36,allowed,allowed
evt-011171,HR-005,HR,RES-004,Privileged,corporate,normal,,0,29,allowed,allowed
evt-011297,CA-005,Clinical,RES-026,Public,corporate,normal,,0,63,allowed,flagged
evt-011216,CA-001,Clinical,RES-025,Public,corporate,normal,,0,63,allowed,flagged
evt-011327,CA-006,Clinical,RES-022,Internal,vpn,normal,,0,0,allowed,allowed
evt-010889,ENG-013,Engineering,RES-010,Confidential,vpn,normal,,0,0,allowed,allowed
evt-011289,CA-004,Clinical,RES-002,Privileged,corporate,normal,,0,16,allowed,allowed
evt-010936,FIN-001,Finance,RES-023,Internal,corporate,normal,,0,29,allowed,allowed
evt-010712,ENG-005,Engineering,RES-017,Internal,corporate,normal,,0,29,allowed,allowed
evt-010928,FIN-001,Finance,RES-026,Public,corporate,normal,,0,9,allowed,allowed
evt-010905,ENG-014,Engineering,RES-026,Public,vpn,normal,,0,0,allowed,allowed
evt-011185,HR-006,HR,RES-026,Public,corporate,normal,,0,70,allowed,flagged
evt-011015,FIN-005,Finance,RES-026,Public,corporate,normal,,0,37,allowed,allowed
evt-011230,CA-001,Clinical,RES-023,Internal,corporate,normal,,0,63,allowed,flagged
evt-011500,IT-004,IT Security,RES-007,Privileged,corporate,normal,,0,22,allowed,allowed
evt-011648,LEG-003,Legal,RES-015,Confidential,corporate,normal,,0,26,allowed,allowed
evt-011445,IT-002,IT Security,RES-014,Confidential,vpn,normal,,0,0,allowed,allowed
evt-011202,HR-007,HR,RES-023,Internal,corporate,normal,,0,37,allowed,allowed
evt-011158,HR-005,HR,RES-004,Privileged,corporate,normal,,0,44,allowed,allowed
evt-011681,LEG-005,Legal,RES-026,Public,corporate,normal,,0,29,allowed,allowed
evt-010981,FIN-004,Finance,RES-025,Public,corporate,normal,,0,19,allowed,allowed
evt-010805,ENG-010,Engineering,RES-018,Internal,corporate,normal,,0,29,allowed,allowed
evt-011347,CA-007,Clinical,RES-022,Internal,corporate,normal,,0,63,allowed,flagged
evt-011084,HR-001,HR,RES-023,Internal,corporate,normal,,0,19,allowed,allowed
evt-011373,CA-008,Clinical,RES-002,Privileged,external,anomalous,impossible_travel,17,17,allowed,allowed
evt-011458,IT-003,IT Security,RES-021,Internal,vpn,normal,,0,0,allowed,allowed
evt-011479,IT-004,IT Security,RES-023,Internal,corporate,normal,,0,21,allowed,allowed
evt-011639,LEG-002,Legal,RES-015,Confidential,corporate,normal,,0,4,allowed,allowed
evt-011064,FIN-008,Finance,RES-023,Internal,vpn,normal,,0,0,allowed,allowed
evt-011680,LEG-005,Legal,RES-026,Public,corporate,normal,,0,37,allowed,allowed
evt-011052,FIN-007,Finance,RES-009,Confidential,corporate,normal,,0,19,allowed,allowed
evt-010983,FIN-004,Finance,RES-025,Public,vpn,normal,,0,0,allowed,allowed
evt-010693,ENG-004,Engineering,RES-017,Internal,corporate,normal,,0,19,allowed,allowed
evt-011240,CA-002,Clinical,RES-001,Privileged,corporate,normal,,0,53,allowed,flagged
evt-010954,FIN-002,Finance,RES-023,Internal,corporate,normal,,0,4,allowed,allowed
evt-011636,LEG-002,Legal,RES-010,Confidential,corporate,anomalous,unusual_resource_for_role,100,100,flagged,flagged
evt-010982,FIN-004,Finance,RES-023,Internal,corporate,normal,,0,19,allowed,allowed
evt-011047,FIN-007,Finance,RES-021,Internal,corporate,normal,,0,16,allowed,allowed
evt-011451,IT-003,IT Security,RES-013,Confidential,corporate,normal,,0,15,allowed,allowed
evt-010793,ENG-009,Engineering,RES-021,Internal,corporate,normal,,0,27,allowed,allowed
evt-011438,IT-002,IT Security,RES-026,Public,vpn,normal,,0,0,allowed,allowed
evt-011172,HR-005,HR,RES-026,Public,corporate,normal,,0,36,allowed,allowed
evt-011043,FIN-007,Finance,RES-009,Confidential,corporate,normal,,0,41,allowed,allowed
evt-010727,ENG-006,Engineering,RES-017,Internal,corporate,normal,,0,41,allowed,allowed
evt-010634,ENG-002,Engineering,RES-011,Confidential,corporate,normal,,0,16,allowed,allowed
evt-011255,CA-003,Clinical,RES-002,Privileged,corporate,normal,,0,21,allowed,allowed
evt-011618,LEG-001,Legal,RES-023,Internal,corporate,normal,,0,42,allowed,allowed
evt-010989,FIN-004,Finance,RES-011,Confidential,corporate,normal,,1,17,allowed,allowed
evt-011696,EX-001,Executive,RES-008,Privileged,corporate,normal,,0,53,allowed,flagged
evt-011332,CA-006,Clinical,RES-002,Privileged,corporate,normal,,0,19,allowed,allowed
evt-011116,HR-003,HR,RES-026,Public,corporate,normal,,0,94,allowed,flagged
evt-011211,HR-007,HR,RES-005,Privileged,corporate,normal,,0,19,allowed,allowed
evt-010935,FIN-001,Finance,RES-026,Public,corporate,normal,,0,37,allowed,allowed
evt-010605,ENG-001,Engineering,RES-017,Internal,vpn,normal,,0,0,allowed,allowed
evt-010822,ENG-010,Engineering,RES-019,Internal,external,normal,,21,21,allowed,allowed
evt-011165,HR-005,HR,RES-026,Public,corporate,normal,,0,70,allowed,flagged
evt-011637,LEG-002,Legal,RES-024,Internal,corporate,normal,,0,29,allowed,allowed
evt-010997,FIN-004,Finance,RES-009,Confidential,corporate,normal,,1,26,allowed,allowed
evt-011142,HR-004,HR,RES-023,Internal,corporate,normal,,0,36,allowed,allowed
evt-011143,HR-004,HR,RES-027,Public,corporate,normal,,0,19,allowed,allowed
evt-011542,IT-006,IT Security,RES-014,Confidential,corporate,normal,,0,4,allowed,allowed
evt-010715,ENG-005,Engineering,RES-019,Internal,corporate,normal,,0,29,allowed,allowed
evt-011317,CA-005,Clinical,RES-025,Public,corporate,normal,,0,37,allowed,allowed
evt-011543,IT-006,IT Security,RES-017,Internal,corporate,normal,,0,12,allowed,allowed
evt-011340,CA-006,Clinical,RES-022,Internal,vpn,normal,,0,0,allowed,allowed
evt-010964,FIN-003,Finance,RES-009,Confidential,corporate,normal,,0,19,allowed,allowed
evt-010817,ENG-010,Engineering,RES-018,Internal,external,normal,,29,29,allowed,allowed
evt-011651,LEG-003,Legal,RES-016,Confidential,corporate,normal,,0,22,allowed,allowed
evt-011014,FIN-005,Finance,RES-011,Confidential,corporate,normal,,0,13,allowed,allowed
evt-010627,ENG-001,Engineering,RES-025,Public,vpn,normal,,0,0,allowed,allowed
evt-010744,ENG-007,Engineering,RES-018,Internal,corporate,normal,,0,7,allowed,allowed
evt-011019,FIN-005,Finance,RES-022,Internal,corporate,normal,,0,62,allowed,flagged
evt-010683,ENG-004,Engineering,RES-017,Internal,corporate,normal,,0,19,allowed,allowed
evt-011155,HR-004,HR,RES-023,Internal,corporate,normal,,0,9,allowed,allowed
evt-011388,CA-008,Clinical,RES-002,Privileged,corporate,normal,,0,26,allowed,allowed
evt-011106,HR-002,HR,RES-004,Privileged,vpn,normal,,0,0,allowed,allowed
evt-011123,HR-003,HR,RES-004,Privileged,corporate,normal,,0,55,allowed,flagged
evt-011345,CA-007,Clinical,RES-025,Public,corporate,normal,,0,35,allowed,allowed
evt-010913,ENG-014,Engineering,RES-026,Public,vpn,normal,,0,0,allowed,allowed
evt-011017,FIN-005,Finance,RES-011,Confidential,corporate,normal,,0,17,allowed,allowed
evt-011654,LEG-003,Legal,RES-024,Internal,corporate,normal,,0,28,allowed,allowed
evt-011132,HR-003,HR,RES-004,Privileged,corporate,normal,,0,55,allowed,flagged
evt-011139,HR-004,HR,RES-023,Internal,corporate,normal,,0,63,allowed,flagged
evt-010761,ENG-008,Engineering,RES-021,Internal,external,normal,,26,26,allowed,allowed
evt-010637,ENG-002,Engineering,RES-025,Public,corporate,normal,,0,36,allowed,allowed
evt-011715,EX-002,Executive,RES-008,Privileged,corporate,normal,,0,62,allowed,flagged
evt-011638,LEG-002,Legal,RES-026,Public,corporate,normal,,0,63,allowed,flagged
evt-010992,FIN-004,Finance,RES-026,Public,vpn,normal,,0,0,allowed,allowed
evt-010722,ENG-006,Engineering,RES-018,Internal,vpn,normal,,0,0,allowed,allowed
evt-011131,HR-003,HR,RES-004,Privileged,corporate,normal,,0,31,allowed,allowed
evt-010974,FIN-003,Finance,RES-025,Public,vpn,normal,,0,0,allowed,allowed
evt-010919,FIN-001,Finance,RES-022,Internal,corporate,normal,,0,26,allowed,allowed
evt-011333,CA-006,Clinical,RES-022,Internal,corporate,normal,,0,63,allowed,flagged
evt-010938,FIN-001,Finance,RES-009,Confidential,corporate,normal,,1,38,allowed,allowed
evt-011427,IT-002,IT Security,RES-020,Internal,vpn,normal,,0,0,allowed,allowed
evt-011249,CA-002,Clinical,RES-001,Privileged,corporate,normal,,0,16,allowed,allowed
evt-011090,HR-001,HR,RES-022,Internal,corporate,normal,,0,17,allowed,allowed
evt-011342,CA-007,Clinical,RES-001,Privileged,corporate,normal,,0,16,allowed,allowed
evt-010998,FIN-004,Finance,RES-024,Internal,corporate,normal,,0,29,allowed,allowed
evt-010976,FIN-003,Finance,RES-011,Confidential,corporate,normal,,1,13,allowed,allowed
evt-011701,EX-001,Executive,RES-025,Public,corporate,normal,,0,16,allowed,allowed
evt-010673,ENG-003,Engineering,RES-017,Internal,vpn,normal,,0,0,allowed,allowed
evt-010766,ENG-008,Engineering,RES-026,Public,external,normal,,36,36,allowed,allowed
evt-010736,ENG-007,Engineering,RES-022,Internal,corporate,normal,,0,4,allowed,allowed
evt-010837,ENG-011,Engineering,RES-018,Internal,corporate,normal,,0,17,allowed,allowed
evt-011669,LEG-004,Legal,RES-022,Internal,corporate,normal,,1,21,allowed,allowed
evt-010668,ENG-003,Engineering,RES-018,Internal,vpn,normal,,0,0,allowed,allowed
evt-010943,FIN-002,Finance,RES-023,Internal,corporate,normal,,0,29,allowed,allowed
evt-010961,FIN-003,Finance,RES-025,Public,vpn,normal,,0,0,allowed,allowed
evt-011338,CA-006,Clinical,RES-002,Privileged,vpn,normal,,0,0,allowed,allowed
evt-011151,HR-004,HR,RES-023,Internal,corporate,normal,,0,19,allowed,allowed
evt-011700,EX-001,Executive,RES-023,Internal,corporate,normal,,0,3,allowed,allowed
evt-011035,FIN-006,Finance,RES-023,Internal,external,normal,,28,28,allowed,allowed
evt-010669,ENG-003,Engineering,RES-017,Internal,vpn,normal,,0,0,allowed,allowed
evt-011051,FIN-007,Finance,RES-026,Public,corporate,normal,,0,29,allowed,allowed
evt-011209,HR-007,HR,RES-004,Privileged,corporate,normal,,0,28,allowed,allowed
evt-011674,LEG-004,Legal,RES-016,Confidential,corporate,normal,,0,15,allowed,allowed
evt-011212,HR-007,HR,RES-026,Public,corporate,normal,,0,27,allowed,allowed
evt-011689,LEG-005,Legal,RES-023,Internal,corporate,normal,,0,26,allowed,allowed
evt-010624,ENG-001,Engineering,RES-017,Internal,vpn,normal,,0,0,allowed,allowed
evt-011201,HR-007,HR,RES-023,Internal,corporate,normal,,0,26,allowed,allowed
evt-011693,LEG-005,Legal,RES-026,Public,corporate,normal,,0,35,allowed,allowed
evt-010893,ENG-013,Engineering,RES-021,Internal,vpn,normal,,0,0,allowed,allowed
evt-010813,ENG-010,Engineering,RES-017,Internal,external,normal,,22,22,allowed,allowed
evt-011184,HR-006,HR,RES-001,Privileged,vpn,anomalous,unusual_resource_for_role,100,100,flagged,flagged
evt-011707,EX-001,Executive,RES-023,Internal,corporate,normal,,0,12,allowed,allowed
evt-011351,CA-007,Clinical,RES-001,Privileged,corporate,normal,,0,15,allowed,allowed
evt-011331,CA-006,Clinical,RES-022,Internal,corporate,normal,,0,19,allowed,allowed
evt-010818,ENG-010,Engineering,RES-018,Internal,external,normal,,22,22,allowed,allowed
evt-011687,LEG-005,Legal,RES-015,Confidential,corporate,normal,,0,22,allowed,allowed
evt-011676,LEG-004,Legal,RES-024,Internal,corporate,normal,,0,29,allowed,allowed
evt-011285,CA-004,Clinical,RES-025,Public,external,normal,,22,22,allowed,allowed
evt-010772,ENG-008,Engineering,RES-022,Internal,external,normal,,17,17,allowed,allowed
evt-011229,CA-001,Clinical,RES-003,Privileged,corporate,normal,,0,0,allowed,allowed
evt-010755,ENG-008,Engineering,RES-026,Public,external,normal,,63,63,flagged,flagged
evt-011647,LEG-003,Legal,RES-015,Confidential,corporate,normal,,0,24,allowed,allowed
evt-011518,IT-005,IT Security,RES-014,Confidential,corporate,normal,,0,1,allowed,allowed
evt-011177,HR-006,HR,RES-026,Public,corporate,normal,,0,30,allowed,allowed
evt-010892,ENG-013,Engineering,RES-011,Confidential,vpn,normal,,0,0,allowed,allowed
evt-011100,HR-002,HR,RES-023,Internal,vpn,normal,,0,0,allowed,allowed
evt-011478,IT-004,IT Security,RES-013,Confidential,corporate,normal,,0,15,allowed,allowed
evt-011275,CA-004,Clinical,RES-025,Public,external,normal,,28,28,allowed,allowed
evt-011115,HR-002,HR,RES-026,Public,vpn,normal,,0,0,allowed,allowed
evt-010946,FIN-002,Finance,RES-011,Confidential,corporate,normal,,0,16,allowed,allowed
evt-011102,HR-002,HR,RES-026,Public,vpn,normal,,0,0,allowed,allowed
evt-011645,LEG-003,Legal,RES-015,Confidential,corporate,normal,,0,15,allowed,allowed
evt-010652,ENG-003,Engineering,RES-026,Public,vpn,normal,,0,0,allowed,allowed
evt-011083,HR-001,HR,RES-025,Public,corporate,normal,,0,70,allowed,flagged
evt-010694,ENG-005,Engineering,RES-018,Internal,corporate,normal,,0,3,allowed,allowed
evt-010907,ENG-014,Engineering,RES-021,Internal,vpn,normal,,0,0,allowed,allowed
evt-011206,HR-007,HR,RES-005,Privileged,corporate,normal,,0,19,allowed,allowed
evt-011376,CA-008,Clinical,RES-022,Internal,corporate,normal,,0,4,allowed,allowed
evt-010616,ENG-001,Engineering,RES-018,Internal,vpn,normal,,0,0,allowed,allowed
evt-011179,HR-006,HR,RES-027,Public,vpn,normal,,0,0,allowed,allowed
evt-010920,FIN-001,Finance,RES-011,Confidential,corporate,normal,,0,13,allowed,allowed
evt-011117,HR-003,HR,RES-027,Public,corporate,normal,,0,15,allowed,allowed
evt-011041,FIN-006,Finance,RES-012,Confidential,vpn,normal,,0,0,allowed,allowed
evt-011027,FIN-006,Finance,RES-001,Privileged,vpn,anomalous,unusual_resource_for_role,100,100,flagged,flagged
evt-011623,LEG-001,Legal,RES-026,Public,corporate,normal,,0,19,allowed,allowed
evt-011194,HR-007,HR,RES-001,Privileged,corporate,anomalous,unusual_resource_for_role,100,100,flagged,flagged
evt-011063,FIN-008,Finance,RES-025,Public,vpn,normal,,0,0,allowed,allowed
evt-011248,CA-002,Clinical,RES-001,Privileged,corporate,normal,,0,16,allowed,allowed
evt-010686,ENG-004,Engineering,RES-025,Public,corporate,normal,,0,8,allowed,allowed
evt-011022,FIN-005,Finance,RES-021,Internal,corporate,normal,,0,16,allowed,allowed
evt-011161,HR-005,HR,RES-004,Privileged,corporate,normal,,0,16,allowed,allowed
evt-011616,LEG-001,Legal,RES-023,Internal,corporate,normal,,0,26,allowed,allowed
evt-011496,IT-004,IT Security,RES-013,Confidential,corporate,normal,,0,16,allowed,allowed
evt-010894,ENG-013,Engineering,RES-021,Internal,vpn,normal,,0,0,allowed,allowed
evt-010788,ENG-009,Engineering,RES-019,Internal,corporate,normal,,0,19,allowed,allowed
evt-011310,CA-005,Clinical,RES-026,Public,corporate,normal,,0,19,allowed,allowed
evt-011141,HR-004,HR,RES-022,Internal,corporate,normal,,0,22,allowed,allowed
evt-011032,FIN-006,Finance,RES-011,Confidential,external,normal,,1,1,allowed,allowed
evt-011003,FIN-005,Finance,RES-011,Confidential,corporate,normal,,0,19,allowed,allowed
evt-011630,LEG-002,Legal,RES-016,Confidential,corporate,normal,,0,1,allowed,allowed
evt-010737,ENG-007,Engineering,RES-026,Public,corporate,normal,,0,6,allowed,allowed
evt-011657,LEG-003,Legal,RES-026,Public,corporate,normal,,0,35,allowed,allowed
evt-011380,CA-008,Clinical,RES-026,Public,corporate,normal,,0,19,allowed,allowed
evt-011363,CA-008,Clinical,RES-001,Privileged,corporate,normal,,0,4,allowed,allowed
evt-010630,ENG-001,Engineering,RES-026,Public,vpn,normal,,0,0,allowed,allowed
evt-011187,HR-006,HR,RES-005,Privileged,corporate,normal,,0,19,allowed,allowed
evt-011062,FIN-007,Finance,RES-026,Public,corporate,normal,,0,19,allowed,allowed
evt-011412,IT-001,IT Security,RES-007,Privileged,vpn,normal,,0,0,allowed,allowed
evt-011006,FIN-005,Finance,RES-022,Internal,corporate,normal,,0,36,allowed,allowed
evt-011193,HR-006,HR,RES-026,Public,corporate,normal,,0,19,allowed,allowed
evt-010984,FIN-004,Finance,RES-026,Public,corporate,normal,,0,27,allowed,allowed
evt-011634,LEG-002,Legal,RES-015,Confidential,corporate,normal,,0,13,allowed,allowed
evt-011159,HR-005,HR,RES-004,Privileged,corporate,normal,,0,26,allowed,allowed
evt-011140,HR-004,HR,RES-023,Internal,corporate,normal,,0,19,allowed,allowed
evt-011029,FIN-006,Finance,RES-011,Confidential,external,normal,,27,27,allowed,allowed
evt-010707,ENG-005,Engineering,RES-017,Internal,corporate,normal,,0,15,allowed,allowed
evt-011126,HR-003,HR,RES-025,Public,corporate,normal,,0,28,allowed,allowed
evt-011150,HR-004,HR,RES-026,Public,corporate,normal,,0,36,allowed,allowed
evt-010878,ENG-013,Engineering,RES-022,Internal,vpn,normal,,0,0,allowed,allowed
evt-011092,HR-001,HR,RES-025,Public,corporate,normal,,0,46,allowed,allowed
evt-011663,LEG-004,Legal,RES-015,Confidential,corporate,normal,,0,15,allowed,allowed
evt-011025,FIN-006,Finance,RES-026,Public,vpn,normal,,0,0,allowed,allowed
evt-010930,FIN-001,Finance,RES-011,Confidential,corporate,normal,,0,19,allowed,allowed
evt-011113,HR-002,HR,RES-022,Internal,vpn,normal,,0,0,allowed,allowed
evt-010631,ENG-001,Engineering,RES-018,Internal,vpn,normal,,0,0,allowed,allowed
evt-011656,LEG-003,Legal,RES-025,Public,corporate,normal,,0,21,allowed,allowed
evt-010789,ENG-009,Engineering,RES-012,Confidential,corporate,normal,,0,1,allowed,allowed
evt-011328,CA-006,Clinical,RES-026,Public,corporate,normal,,0,28,allowed,allowed
evt-011050,FIN-007,Finance,RES-023,Internal,corporate,normal,,0,17,allowed,allowed
evt-011552,IT-006,IT Security,RES-014,Confidential,corporate,normal,,0,22,allowed,allowed
evt-011677,LEG-004,Legal,RES-016,Confidential,corporate,normal,,0,16,allowed,allowed
evt-011667,LEG-004,Legal,RES-022,Internal,corporate,normal,,0,7,allowed,allowed
evt-011053,FIN-007,Finance,RES-025,Public,corporate,normal,,0,29,allowed,allowed
evt-010971,FIN-003,Finance,RES-021,Internal,corporate,normal,,0,17,allowed,allowed
evt-011632,LEG-002,Legal,RES-025,Public,corporate,normal,,0,28,allowed,allowed
evt-011057,FIN-007,Finance,RES-024,Internal,corporate,normal,,0,9,allowed,allowed
evt-011303,CA-005,Clinical,RES-002,Privileged,corporate,normal,,0,15,allowed,allowed
evt-011532,IT-006,IT Security,RES-013,Confidential,corporate,normal,,0,16,allowed,allowed
evt-011571,IT-007,IT Security,RES-020,Internal,vpn,normal,,0,0,allowed,allowed
evt-011579,IT-007,IT Security,RES-014,Confidential,vpn,normal,,0,0,allowed,allowed
evt-011617,LEG-001,Legal,RES-025,Public,corporate,normal,,0,15,allowed,allowed
evt-010921,FIN-001,Finance,RES-022,Internal,corporate,normal,,0,19,allowed,allowed
evt-011660,LEG-004,Legal,RES-016,Confidential,corporate,normal,,0,1,allowed,allowed
evt-010721,ENG-006,Engineering,RES-026,Public,corporate,normal,,0,19,allowed,allowed
evt-011257,CA-003,Clinical,RES-001,Privileged,corporate,normal,,0,19,allowed,allowed
evt-010613,ENG-001,Engineering,RES-018,Internal,vpn,normal,,0,0,allowed,allowed
evt-011605,IT-008,IT Security,RES-007,Privileged,corporate,normal,,0,1,allowed,allowed
evt-011231,CA-001,Clinical,RES-003,Privileged,corporate,normal,,0,0,allowed,allowed
evt-011665,LEG-004,Legal,RES-015,Confidential,corporate,normal,,0,15,allowed,allowed
evt-010980,FIN-004,Finance,RES-022,Internal,vpn,normal,,0,0,allowed,allowed
evt-010975,FIN-003,Finance,RES-025,Public,external,anomalous,impossible_travel,4,4,allowed,allowed
evt-011111,HR-002,HR,RES-022,Internal,vpn,normal,,0,0,allowed,allowed
evt-011629,LEG-002,Legal,RES-021,Internal,corporate,normal,,1,17,allowed,allowed
evt-011541,IT-006,IT Security,RES-006,Privileged,corporate,normal,,0,8,allowed,allowed
evt-010937,FIN-001,Finance,RES-009,Confidential,corporate,normal,,0,19,allowed,allowed
evt-011653,LEG-003,Legal,RES-016,Confidential,corporate,normal,,0,1,allowed,allowed
evt-011152,HR-004,HR,RES-004,Privileged,corporate,normal,,0,15,allowed,allowed
evt-011369,CA-008,Clinical,RES-023,Internal,corporate,normal,,0,12,allowed,allowed
evt-010897,ENG-013,Engineering,RES-026,Public,vpn,normal,,0,0,allowed,allowed
evt-010806,ENG-010,Engineering,RES-017,Internal,corporate,normal,,0,15,allowed,allowed
evt-011684,LEG-005,Legal,RES-022,Internal,corporate,normal,,0,28,allowed,allowed
evt-011040,FIN-006,Finance,RES-012,Confidential,vpn,normal,,0,0,allowed,allowed
evt-011012,FIN-005,Finance,RES-009,Confidential,corporate,normal,,0,11,allowed,allowed
evt-011655,LEG-003,Legal,RES-022,Internal,corporate,normal,,0,32,allowed,allowed
evt-011001,FIN-005,Finance,RES-023,Internal,corporate,normal,,0,16,allowed,allowed
evt-011370,CA-008,Clinical,RES-023,Internal,corporate,normal,,0,7,allowed,allowed
evt-011036,FIN-006,Finance,RES-024,Internal,external,normal,,8,8,allowed,allowed
evt-010739,ENG-007,Engineering,RES-026,Public,corporate,normal,,0,4,allowed,allowed
evt-010680,ENG-004,Engineering,RES-017,Internal,corporate,normal,,0,15,allowed,allowed
evt-011659,LEG-004,Legal,RES-016,Confidential,corporate,normal,,0,1,allowed,allowed
evt-011615,LEG-001,Legal,RES-010,Confidential,corporate,anomalous,unusual_resource_for_role,99,99,flagged,flagged
evt-011708,EX-001,Executive,RES-026,Public,corporate,normal,,0,13,allowed,allowed
evt-010947,FIN-002,Finance,RES-026,Public,corporate,normal,,0,19,allowed,allowed
evt-010995,FIN-004,Finance,RES-022,Internal,corporate,normal,,0,19,allowed,allowed
evt-011646,LEG-003,Legal,RES-016,Confidential,corporate,normal,,0,1,allowed,allowed
evt-011690,LEG-005,Legal,RES-024,Internal,corporate,normal,,0,34,allowed,allowed
evt-010811,ENG-010,Engineering,RES-017,Internal,corporate,normal,,0,16,allowed,allowed
evt-011044,FIN-007,Finance,RES-024,Internal,corporate,normal,,0,8,allowed,allowed
evt-011538,IT-006,IT Security,RES-021,Internal,corporate,normal,,0,12,allowed,allowed
evt-011512,IT-005,IT Security,RES-013,Confidential,corporate,normal,,0,1,allowed,allowed
evt-011339,CA-006,Clinical,RES-022,Internal,vpn,normal,,0,0,allowed,allowed
evt-011614,LEG-001,Legal,RES-016,Confidential,corporate,normal,,0,19,allowed,allowed
evt-011105,HR-002,HR,RES-026,Public,vpn,normal,,0,0,allowed,allowed
evt-011046,FIN-007,Finance,RES-024,Internal,corporate,normal,,0,3,allowed,allowed
evt-011393,IT-001,IT Security,RES-026,Public,vpn,normal,,0,0,allowed,allowed
evt-011271,CA-004,Clinical,RES-001,Privileged,vpn,normal,,0,0,allowed,allowed
evt-011470,IT-004,IT Security,RES-010,Confidential,corporate,normal,,0,3,allowed,allowed
evt-011673,LEG-004,Legal,RES-016,Confidential,corporate,normal,,0,4,allowed,allowed
evt-011509,IT-005,IT Security,RES-014,Confidential,corporate,normal,,0,1,allowed,allowed
evt-011631,LEG-002,Legal,RES-021,Internal,corporate,normal,,1,8,allowed,allowed
evt-011567,IT-007,IT Security,RES-013,Confidential,corporate,normal,,0,1,allowed,allowed
evt-010949,FIN-002,Finance,RES-012,Confidential,corporate,normal,,0,3,allowed,allowed
evt-011355,CA-007,Clinical,RES-003,Privileged,corporate,normal,,0,0,allowed,allowed
evt-011516,IT-005,IT Security,RES-014,Confidential,corporate,normal,,0,1,allowed,allowed
evt-010861,ENG-012,Engineering,RES-019,Internal,corporate,normal,,0,6,allowed,allowed
evt-011000,FIN-004,Finance,RES-009,Confidential,corporate,normal,,1,15,allowed,allowed
evt-011635,LEG-002,Legal,RES-023,Internal,corporate,normal,,0,4,allowed,allowed
evt-011644,LEG-002,Legal,RES-016,Confidential,corporate,normal,,0,1,allowed,allowed
evt-010851,ENG-011,Engineering,RES-022,Internal,corporate,normal,,0,15,allowed,allowed
evt-011308,CA-005,Clinical,RES-001,Privileged,corporate,normal,,0,4,allowed,allowed
evt-010916,FIN-001,Finance,RES-009,Confidential,corporate,normal,,0,15,allowed,allowed
evt-011348,CA-007,Clinical,RES-002,Privileged,corporate,normal,,0,1,allowed,allowed
evt-011662,LEG-004,Legal,RES-023,Internal,corporate,normal,,0,1,allowed,allowed
evt-010716,ENG-005,Engineering,RES-017,Internal,corporate,normal,,0,1,allowed,allowed
evt-011650,LEG-003,Legal,RES-022,Internal,corporate,normal,,0,7,allowed,allowed
evt-011259,CA-003,Clinical,RES-001,Privileged,corporate,normal,,0,17,allowed,allowed
evt-011539,IT-006,IT Security,RES-010,Confidential,corporate,normal,,0,15,allowed,allowed
evt-011410,IT-001,IT Security,RES-014,Confidential,corporate,normal,,0,6,allowed,allowed
evt-010720,ENG-006,Engineering,RES-017,Internal,corporate,normal,,0,6,allowed,allowed
evt-011537,IT-006,IT Security,RES-006,Privileged,corporate,normal,,0,19,allowed,allowed
evt-011563,IT-007,IT Security,RES-013,Confidential,vpn,normal,,0,0,allowed,allowed
evt-011561,IT-007,IT Security,RES-014,Confidential,vpn,normal,,0,0,allowed,allowed
evt-011020,FIN-005,Finance,RES-011,Confidential,corporate,normal,,0,1,allowed,allowed
evt-010802,ENG-010,Engineering,RES-021,Internal,corporate,normal,,0,3,allowed,allowed
evt-010743,ENG-007,Engineering,RES-026,Public,corporate,normal,,0,0,allowed,allowed
evt-011013,FIN-005,Finance,RES-012,Confidential,corporate,normal,,0,4,allowed,allowed
evt-010765,ENG-008,Engineering,RES-018,Internal,external,normal,,15,15,allowed,allowed
evt-011619,LEG-001,Legal,RES-015,Confidential,corporate,normal,,0,3,allowed,allowed
evt-011620,LEG-001,Legal,RES-026,Public,corporate,normal,,0,10,allowed,allowed
evt-010901,ENG-014,Engineering,RES-025,Public,corporate,normal,,0,7,allowed,allowed
evt-011714,EX-002,Executive,RES-021,Internal,corporate,normal,,0,1,allowed,allowed
evt-010672,ENG-003,Engineering,RES-018,Internal,vpn,normal,,0,0,allowed,allowed
evt-011295,CA-004,Clinical,RES-022,Internal,external,normal,,3,3,allowed,allowed
evt-011670,LEG-004,Legal,RES-022,Internal,corporate,normal,,0,16,allowed,allowed
evt-011133,HR-003,HR,RES-026,Public,corporate,normal,,0,15,allowed,allowed
evt-011462,IT-003,IT Security,RES-006,Privileged,corporate,normal,,0,16,allowed,allowed
evt-011395,IT-001,IT Security,RES-014,Confidential,vpn,normal,,0,0,allowed,allowed
evt-011556,IT-006,IT Security,RES-010,Confidential,corporate,normal,,0,17,allowed,allowed
evt-011471,IT-004,IT Security,RES-014,Confidential,corporate,normal,,0,1,allowed,allowed
evt-011510,IT-005,IT Security,RES-013,Confidential,corporate,normal,,0,0,allowed,allowed
evt-011225,CA-001,Clinical,RES-002,Privileged,corporate,normal,,0,1,allowed,allowed
evt-010879,ENG-013,Engineering,RES-019,Internal,vpn,normal,,0,0,allowed,allowed
evt-011204,HR-007,HR,RES-027,Public,corporate,normal,,0,7,allowed,allowed
evt-011406,IT-001,IT Security,RES-020,Internal,corporate,normal,,0,5,allowed,allowed
evt-011691,LEG-005,Legal,RES-026,Public,corporate,normal,,0,1,allowed,allowed
evt-011460,IT-003,IT Security,RES-020,Internal,corporate,normal,,0,7,allowed,allowed
evt-011609,IT-008,IT Security,RES-007,Privileged,corporate,normal,,0,0,allowed,allowed
evt-011570,IT-007,IT Security,RES-014,Confidential,vpn,normal,,0,0,allowed,allowed
evt-011574,IT-007,IT Security,RES-007,Privileged,vpn,normal,,0,0,allowed,allowed
evt-011664,LEG-004,Legal,RES-024,Internal,corporate,normal,,0,17,allowed,allowed
evt-011483,IT-004,IT Security,RES-013,Confidential,corporate,normal,,0,1,allowed,allowed
evt-011423,IT-002,IT Security,RES-013,Confidential,vpn,normal,,0,0,allowed,allowed
evt-011459,IT-003,IT Security,RES-013,Confidential,vpn,normal,,0,0,allowed,allowed
evt-010762,ENG-008,Engineering,RES-026,Public,external,normal,,4,4,allowed,allowed
evt-011582,IT-007,IT Security,RES-014,Confidential,vpn,normal,,0,0,allowed,allowed
evt-011314,CA-005,Clinical,RES-021,Internal,corporate,normal,,0,17,allowed,allowed
evt-011066,FIN-008,Finance,RES-022,Internal,corporate,normal,,0,1,allowed,allowed
evt-011502,IT-005,IT Security,RES-006,Privileged,corporate,normal,,0,0,allowed,allowed
evt-010781,ENG-009,Engineering,RES-017,Internal,corporate,normal,,0,1,allowed,allowed
evt-011557,IT-006,IT Security,RES-014,Confidential,corporate,normal,,0,1,allowed,allowed
evt-011698,EX-001,Executive,RES-009,Confidential,corporate,normal,,0,1,allowed,allowed
evt-011443,IT-002,IT Security,RES-021,Internal,vpn,normal,,0,0,allowed,allowed
evt-011352,CA-007,Clinical,RES-002,Privileged,corporate,normal,,0,1,allowed,allowed
evt-011138,HR-004,HR,RES-023,Internal,corporate,normal,,0,1,allowed,allowed
evt-011519,IT-005,IT Security,RES-007,Privileged,corporate,normal,,0,0,allowed,allowed
evt-010877,ENG-013,Engineering,RES-017,Internal,vpn,normal,,0,0,allowed,allowed
evt-010915,ENG-014,Engineering,RES-023,Internal,corporate,normal,,0,1,allowed,allowed
evt-011599,IT-008,IT Security,RES-013,Confidential,corporate,normal,,0,0,allowed,allowed
evt-010941,FIN-002,Finance,RES-022,Internal,corporate,normal,,0,1,allowed,allowed
evt-011611,IT-008,IT Security,RES-021,Internal,corporate,normal,,0,3,allowed,allowed
evt-011613,LEG-001,Legal,RES-016,Confidential,corporate,normal,,0,1,allowed,allowed
evt-011434,IT-002,IT Security,RES-014,Confidential,vpn,normal,,0,0,allowed,allowed
evt-011197,HR-007,HR,RES-010,Confidential,corporate,anomalous,unusual_resource_for_role,99,99,flagged,flagged
evt-011595,IT-008,IT Security,RES-007,Privileged,corporate,normal,,0,0,allowed,allowed
evt-011592,IT-008,IT Security,RES-010,Confidential,corporate,normal,,0,0,allowed,allowed
evt-011568,IT-007,IT Security,RES-020,Internal,vpn,normal,,0,0,allowed,allowed
evt-011603,IT-008,IT Security,RES-014,Confidential,corporate,normal,,0,0,allowed,allowed
evt-011486,IT-004,IT Security,RES-006,Privileged,corporate,normal,,0,1,allowed,allowed
evt-011649,LEG-003,Legal,RES-022,Internal,corporate,normal,,0,2,allowed,allowed
evt-011098,HR-002,HR,RES-005,Privileged,vpn,normal,,0,0,allowed,allowed
evt-011389,IT-001,IT Security,RES-004,Privileged,vpn,normal,,1,1,allowed,allowed
evt-010719,ENG-006,Engineering,RES-017,Internal,corporate,normal,,0,1,allowed,allowed
evt-011517,IT-005,IT Security,RES-006,Privileged,corporate,normal,,0,0,allowed,allowed
evt-011530,IT-006,IT Security,RES-010,Confidential,corporate,normal,,0,2,allowed,allowed
evt-010688,ENG-004,Engineering,RES-010,Confidential,corporate,normal,,0,0,allowed,allowed
evt-011446,IT-002,IT Security,RES-010,Confidential,vpn,normal,,0,0,allowed,allowed
evt-011316,CA-005,Clinical,RES-002,Privileged,corporate,normal,,0,1,allowed,allowed
evt-011564,IT-007,IT Security,RES-013,Confidential,vpn,normal,,0,0,allowed,allowed
evt-011545,IT-006,IT Security,RES-013,Confidential,corporate,normal,,0,1,allowed,allowed
evt-011408,IT-001,IT Security,RES-021,Internal,corporate,normal,,0,1,allowed,allowed
evt-011524,IT-005,IT Security,RES-026,Public,corporate,normal,,0,1,allowed,allowed
evt-011580,IT-007,IT Security,RES-014,Confidential,vpn,normal,,0,0,allowed,allowed
evt-010948,FIN-002,Finance,RES-009,Confidential,corporate,normal,,0,1,allowed,allowed
evt-011528,IT-006,IT Security,RES-010,Confidential,corporate,normal,,0,0,allowed,allowed
evt-011704,EX-001,Executive,RES-026,Public,corporate,normal,,0,1,allowed,allowed
evt-010701,ENG-005,Engineering,RES-011,Confidential,corporate,normal,,0,6,allowed,allowed
evt-011008,FIN-005,Finance,RES-009,Confidential,corporate,normal,,0,1,allowed,allowed
evt-011601,IT-008,IT Security,RES-013,Confidential,corporate,normal,,0,0,allowed,allowed
evt-011498,IT-004,IT Security,RES-020,Internal,corporate,normal,,0,0,allowed,allowed
evt-011591,IT-008,IT Security,RES-014,Confidential,corporate,normal,,0,0,allowed,allowed
evt-011456,IT-003,IT Security,RES-026,Public,corporate,normal,,0,0,allowed,allowed
evt-010728,ENG-006,Engineering,RES-026,Public,corporate,normal,,0,1,allowed,allowed
evt-011481,IT-004,IT Security,RES-023,Internal,corporate,normal,,0,3,allowed,allowed
evt-010855,ENG-012,Engineering,RES-010,Confidential,corporate,normal,,0,0,allowed,allowed
evt-011569,IT-007,IT Security,RES-020,Internal,vpn,normal,,0,0,allowed,allowed
evt-011468,IT-003,IT Security,RES-021,Internal,vpn,normal,,0,0,allowed,allowed
evt-010880,ENG-013,Engineering,RES-017,Internal,vpn,normal,,0,0,allowed,allowed
evt-011513,IT-005,IT Security,RES-020,Internal,corporate,normal,,0,0,allowed,allowed
evt-011437,IT-002,IT Security,RES-014,Confidential,vpn,normal,,0,0,allowed,allowed
evt-011497,IT-004,IT Security,RES-013,Confidential,corporate,normal,,0,0,allowed,allowed
evt-011576,IT-007,IT Security,RES-007,Privileged,corporate,normal,,0,0,allowed,allowed
evt-011294,CA-004,Clinical,RES-023,Internal,vpn,normal,,0,0,allowed,allowed
evt-011318,CA-005,Clinical,RES-026,Public,corporate,normal,,0,1,allowed,allowed
evt-011400,IT-001,IT Security,RES-006,Privileged,vpn,anomalous,first_seen_device_sensitive,99,99,flagged,flagged
evt-010767,ENG-008,Engineering,RES-017,Internal,external,normal,,1,1,allowed,allowed
evt-011217,CA-001,Clinical,RES-023,Internal,corporate,normal,,0,1,allowed,allowed
evt-011378,CA-008,Clinical,RES-026,Public,corporate,normal,,0,1,allowed,allowed
evt-011515,IT-005,IT Security,RES-007,Privileged,corporate,normal,,0,0,allowed,allowed
evt-011464,IT-003,IT Security,RES-006,Privileged,corporate,normal,,0,1,allowed,allowed
evt-011501,IT-005,IT Security,RES-021,Internal,corporate,normal,,0,0,allowed,allowed
evt-011430,IT-002,IT Security,RES-026,Public,vpn,normal,,0,0,allowed,allowed
evt-011566,IT-007,IT Security,RES-007,Privileged,vpn,normal,,0,0,allowed,allowed
evt-011503,IT-005,IT Security,RES-013,Confidential,corporate,normal,,0,0,allowed,allowed
evt-010856,ENG-012,Engineering,RES-018,Internal,corporate,normal,,0,1,allowed,allowed
evt-011476,IT-004,IT Security,RES-013,Confidential,corporate,normal,,0,0,allowed,allowed
evt-011548,IT-006,IT Security,RES-026,Public,corporate,normal,,0,0,allowed,allowed
evt-011418,IT-002,IT Security,RES-026,Public,vpn,normal,,0,0,allowed,allowed
evt-010692,ENG-004,Engineering,RES-022,Internal,corporate,normal,,0,1,allowed,allowed
evt-010643,ENG-002,Engineering,RES-023,Internal,corporate,normal,,0,0,allowed,allowed
evt-011397,IT-001,IT Security,RES-020,Internal,corporate,normal,,0,0,allowed,allowed
evt-011549,IT-006,IT Security,RES-006,Privileged,corporate,normal,,0,1,allowed,allowed
evt-010824,ENG-010,Engineering,RES-012,Confidential,corporate,normal,,0,0,allowed,allowed
evt-011507,IT-005,IT Security,RES-006,Privileged,corporate,normal,,0,0,allowed,allowed
evt-011447,IT-002,IT Security,RES-014,Confidential,vpn,normal,,0,0,allowed,allowed
evt-010741,ENG-007,Engineering,RES-018,Internal,corporate,normal,,0,0,allowed,allowed
evt-010642,ENG-002,Engineering,RES-017,Internal,corporate,normal,,0,1,allowed,allowed
evt-011565,IT-007,IT Security,RES-006,Privileged,vpn,normal,,0,0,allowed,allowed
evt-011491,IT-004,IT Security,RES-020,Internal,corporate,normal,,0,1,allowed,allowed
evt-011492,IT-004,IT Security,RES-021,Internal,corporate,normal,,0,1,allowed,allowed
evt-011457,IT-003,IT Security,RES-013,Confidential,corporate,normal,,0,0,allowed,allowed
evt-011455,IT-003,IT Security,RES-014,Confidential,corporate,normal,,0,0,allowed,allowed
evt-011465,IT-003,IT Security,RES-023,Internal,vpn,normal,,0,0,allowed,allowed
evt-011495,IT-004,IT Security,RES-006,Privileged,corporate,normal,,0,0,allowed,allowed
evt-011560,IT-007,IT Security,RES-007,Privileged,vpn,normal,,0,0,allowed,allowed
evt-011554,IT-006,IT Security,RES-013,Confidential,corporate,normal,,0,0,allowed,allowed
evt-011391,IT-001,IT Security,RES-020,Internal,corporate,normal,,0,0,allowed,allowed
evt-011431,IT-002,IT Security,RES-020,Internal,vpn,normal,,0,0,allowed,allowed
evt-011573,IT-007,IT Security,RES-014,Confidential,corporate,normal,,0,0,allowed,allowed
evt-011598,IT-008,IT Security,RES-013,Confidential,corporate,normal,,0,0,allowed,allowed
evt-011461,IT-003,IT Security,RES-013,Confidential,vpn,normal,,0,0,allowed,allowed
evt-011448,IT-002,IT Security,RES-013,Confidential,vpn,normal,,0,0,allowed,allowed
evt-011514,IT-005,IT Security,RES-013,Confidential,corporate,anomalous,first_seen_device_sensitive,100,100,flagged,flagged
evt-011473,IT-004,IT Security,RES-013,Confidential,corporate,normal,,0,0,allowed,allowed
evt-011584,IT-007,IT Security,RES-020,Internal,vpn,normal,,0,0,allowed,allowed
evt-011409,IT-001,IT Security,RES-020,Internal,vpn,normal,,0,0,allowed,allowed
evt-011594,IT-008,IT Security,RES-007,Privileged,corporate,normal,,0,0,allowed,allowed
evt-011436,IT-002,IT Security,RES-017,Internal,vpn,normal,,0,0,allowed,allowed
evt-011608,IT-008,IT Security,RES-010,Confidential,corporate,normal,,0,0,allowed,allowed
evt-011583,IT-007,IT Security,RES-001,Privileged,vpn,normal,,0,0,allowed,allowed
evt-011531,IT-006,IT Security,RES-021,Internal,corporate,normal,,0,0,allowed,allowed
evt-011482,IT-004,IT Security,RES-021,Internal,corporate,normal,,0,0,allowed,allowed
evt-011505,IT-005,IT Security,RES-006,Privileged,corporate,normal,,0,0,allowed,allowed
evt-011463,IT-003,IT Security,RES-013,Confidential,corporate,normal,,0,1,allowed,allowed
evt-011596,IT-008,IT Security,RES-013,Confidential,corporate,normal,,0,0,allowed,allowed
evt-011533,IT-006,IT Security,RES-013,Confidential,corporate,normal,,0,0,allowed,allowed
evt-011508,IT-005,IT Security,RES-014,Confidential,corporate,normal,,0,0,allowed,allowed
evt-011428,IT-002,IT Security,RES-020,Internal,vpn,normal,,0,0,allowed,allowed
evt-011606,IT-008,IT Security,RES-014,Confidential,corporate,normal,,0,0,allowed,allowed
evt-011578,IT-007,IT Security,RES-006,Privileged,corporate,normal,,0,0,allowed,allowed
evt-011399,IT-001,IT Security,RES-006,Privileged,vpn,normal,,0,0,allowed,allowed
evt-011544,IT-006,IT Security,RES-013,Confidential,corporate,normal,,0,0,allowed,allowed
evt-011597,IT-008,IT Security,RES-007,Privileged,corporate,normal,,0,0,allowed,allowed
evt-011440,IT-002,IT Security,RES-001,Privileged,vpn,normal,,0,0,allowed,allowed
evt-011432,IT-002,IT Security,RES-026,Public,vpn,normal,,0,0,allowed,allowed
evt-011390,IT-001,IT Security,RES-014,Confidential,vpn,normal,,0,0,allowed,allowed
evt-011766,IT-001,IT Security,RES-017,Internal,vpn,normal,,0,0,allowed,allowed
evt-011880,IT-005,IT Security,RES-013,Confidential,vpn,normal,,0,0,allowed,allowed
evt-011947,IT-007,IT Security,RES-026,Public,corporate,normal,,0,0,allowed,allowed
evt-011790,IT-002,IT Security,RES-006,Privileged,external,normal,,1,1,allowed,allowed
evt-011815,IT-003,IT Security,RES-014,Confidential,corporate,normal,,0,0,allowed,allowed
evt-011848,IT-004,IT Security,RES-026,Public,corporate,normal,,0,0,allowed,allowed
evt-011822,IT-003,IT Security,RES-023,Internal,corporate,normal,,0,1,allowed,allowed
evt-011925,IT-007,IT Security,RES-017,Internal,corporate,normal,,0,1,allowed,allowed
evt-011871,IT-005,IT Security,RES-007,Privileged,vpn,normal,,0,0,allowed,allowed
evt-011879,IT-005,IT Security,RES-014,Confidential,vpn,normal,,0,0,allowed,allowed
evt-011906,IT-006,IT Security,RES-013,Confidential,vpn,normal,,0,0,allowed,allowed
evt-011825,IT-003,IT Security,RES-007,Privileged,corporate,normal,,0,0,allowed,allowed
evt-011820,IT-003,IT Security,RES-017,Internal,corporate,normal,,0,0,allowed,allowed
evt-011955,IT-008,IT Security,RES-013,Confidential,corporate,normal,,0,0,allowed,allowed
evt-011837,IT-004,IT Security,RES-006,Privileged,external,normal,,0,0,allowed,allowed
evt-011814,IT-003,IT Security,RES-026,Public,corporate,normal,,0,0,allowed,allowed
evt-011922,IT-006,IT Security,RES-006,Privileged,vpn,normal,,0,0,allowed,allowed
evt-011950,IT-007,IT Security,RES-021,Internal,corporate,normal,,0,0,allowed,allowed
evt-011954,IT-007,IT Security,RES-014,Confidential,corporate,normal,,0,0,allowed,allowed
evt-011942,IT-007,IT Security,RES-023,Internal,corporate,normal,,0,0,allowed,allowed
evt-011758,IT-001,IT Security,RES-021,Internal,vpn,normal,,0,0,allowed,allowed
evt-011826,IT-003,IT Security,RES-021,Internal,corporate,normal,,0,0,allowed,allowed
evt-011827,IT-003,IT Security,RES-023,Internal,corporate,normal,,0,0,allowed,allowed
evt-011965,IT-008,IT Security,RES-023,Internal,corporate,normal,,0,0,allowed,allowed
evt-011778,IT-002,IT Security,RES-010,Confidential,corporate,normal,,0,1,allowed,allowed
evt-011904,IT-006,IT Security,RES-010,Confidential,vpn,normal,,0,0,allowed,allowed
evt-011777,IT-002,IT Security,RES-001,Privileged,external,normal,,1,1,allowed,allowed
evt-011817,IT-003,IT Security,RES-026,Public,corporate,normal,,0,1,allowed,allowed
evt-011915,IT-006,IT Security,RES-014,Confidential,vpn,normal,,0,0,allowed,allowed
evt-011799,IT-002,IT Security,RES-013,Confidential,external,anomalous,first_seen_device_sensitive,28,28,allowed,allowed
evt-011806,IT-002,IT Security,RES-001,Privileged,corporate,anomalous,first_seen_device_sensitive,29,29,allowed,allowed
evt-011860,IT-005,IT Security,RES-013,Confidential,vpn,normal,,0,0,allowed,allowed
evt-011885,IT-005,IT Security,RES-021,Internal,vpn,normal,,0,0,allowed,allowed
evt-011956,IT-008,IT Security,RES-013,Confidential,corporate,normal,,0,0,allowed,allowed
evt-011854,IT-004,IT Security,RES-014,Confidential,corporate,normal,,0,0,allowed,allowed
evt-011944,IT-007,IT Security,RES-010,Confidential,corporate,normal,,0,1,allowed,allowed
evt-011830,IT-003,IT Security,RES-007,Privileged,corporate,normal,,0,0,allowed,allowed
evt-011910,IT-006,IT Security,RES-014,Confidential,vpn,normal,,0,0,allowed,allowed
evt-011759,IT-001,IT Security,RES-010,Confidential,vpn,normal,,0,0,allowed,allowed
evt-011772,IT-001,IT Security,RES-023,Internal,vpn,normal,,0,0,allowed,allowed
evt-011756,IT-001,IT Security,RES-026,Public,vpn,normal,,0,0,allowed,allowed
evt-011905,IT-006,IT Security,RES-026,Public,vpn,normal,,0,0,allowed,allowed
evt-011764,IT-001,IT Security,RES-023,Internal,vpn,normal,,0,0,allowed,allowed
evt-011901,IT-006,IT Security,RES-021,Internal,vpn,normal,,0,0,allowed,allowed
evt-011908,IT-006,IT Security,RES-021,Internal,vpn,normal,,0,0,allowed,allowed
evt-011972,IT-008,IT Security,RES-026,Public,corporate,normal,,0,0,allowed,allowed
evt-011961,IT-008,IT Security,RES-013,Confidential,corporate,normal,,0,0,allowed,allowed
evt-011891,IT-005,IT Security,RES-007,Privileged,vpn,normal,,0,0,allowed,allowed
evt-011951,IT-007,IT Security,RES-014,Confidential,corporate,normal,,0,0,allowed,allowed
evt-011887,IT-005,IT Security,RES-007,Privileged,vpn,normal,,0,0,allowed,allowed
evt-011808,IT-002,IT Security,RES-010,Confidential,corporate,anomalous,first_seen_device_sensitive,79,79,flagged,flagged
evt-011907,IT-006,IT Security,RES-014,Confidential,vpn,normal,,0,0,allowed,allowed
evt-011801,IT-002,IT Security,RES-006,Privileged,external,normal,,0,0,allowed,allowed
evt-011935,IT-007,IT Security,RES-013,Confidential,corporate,normal,,0,0,allowed,allowed
evt-011896,IT-006,IT Security,RES-006,Privileged,vpn,anomalous,first_seen_device_sensitive,94,94,flagged,flagged
evt-011849,IT-004,IT Security,RES-006,Privileged,corporate,normal,,1,1,allowed,allowed
evt-011818,IT-003,IT Security,RES-001,Privileged,corporate,normal,,1,1,allowed,allowed
evt-011911,IT-006,IT Security,RES-007,Privileged,vpn,normal,,0,0,allowed,allowed
evt-011843,IT-004,IT Security,RES-006,Privileged,corporate,normal,,0,0,allowed,allowed
evt-011920,IT-006,IT Security,RES-014,Confidential,vpn,normal,,0,0,allowed,allowed
evt-011859,IT-005,IT Security,RES-007,Privileged,vpn,normal,,0,0,allowed,allowed
evt-011948,IT-007,IT Security,RES-014,Confidential,corporate,normal,,0,0,allowed,allowed
evt-011916,IT-006,IT Security,RES-013,Confidential,vpn,normal,,0,0,allowed,allowed
evt-011783,IT-002,IT Security,RES-006,Privileged,corporate,normal,,0,1,allowed,allowed
evt-011785,IT-002,IT Security,RES-013,Confidential,corporate,normal,,0,1,allowed,allowed
evt-011888,IT-005,IT Security,RES-023,Internal,vpn,normal,,0,0,allowed,allowed
evt-011791,IT-002,IT Security,RES-013,Confidential,external,normal,,1,1,allowed,allowed
evt-011747,CA-001,Clinical,RES-025,Public,vpn,normal,,0,0,allowed,allowed
evt-011733,ENG-012,Engineering,RES-022,Internal,corporate,normal,,0,0,allowed,allowed
evt-011749,CA-002,Clinical,RES-022,Internal,vpn,normal,,0,0,allowed,allowed
evt-011877,IT-005,IT Security,RES-023,Internal,vpn,normal,,0,0,allowed,allowed
evt-011720,ENG-007,Engineering,RES-010,Confidential,corporate,normal,,0,1,allowed,allowed
evt-011941,IT-007,IT Security,RES-021,Internal,corporate,normal,,0,1,allowed,allowed
evt-011724,ENG-008,Engineering,RES-026,Public,vpn,normal,,0,0,allowed,allowed
evt-011737,ENG-014,Engineering,RES-021,Internal,vpn,normal,,0,0,allowed,allowed
evt-011875,IT-005,IT Security,RES-020,Internal,vpn,normal,,0,0,allowed,allowed
evt-011719,ENG-007,Engineering,RES-022,Internal,corporate,normal,,0,0,allowed,allowed
evt-011739,ENG-014,Engineering,RES-026,Public,corporate,normal,,0,3,allowed,allowed
evt-011813,IT-003,IT Security,RES-023,Internal,corporate,normal,,0,1,allowed,allowed
evt-011752,CA-002,Clinical,RES-023,Internal,corporate,normal,,0,8,allowed,allowed
evt-011742,HR-002,HR,RES-026,Public,corporate,normal,,0,16,allowed,allowed
evt-011963,IT-008,IT Security,RES-013,Confidential,corporate,normal,,0,0,allowed,allowed
evt-011725,ENG-008,Engineering,RES-022,Internal,vpn,normal,,0,0,allowed,allowed
evt-011841,IT-004,IT Security,RES-023,Internal,corporate,normal,,0,1,allowed,allowed
evt-011726,ENG-011,Engineering,RES-018,Internal,corporate,normal,,0,20,allowed,allowed
evt-011897,IT-006,IT Security,RES-021,Internal,vpn,normal,,0,0,allowed,allowed
evt-011727,ENG-011,Engineering,RES-012,Confidential,corporate,normal,,1,13,allowed,allowed
evt-011962,IT-008,IT Security,RES-021,Internal,corporate,normal,,0,1,allowed,allowed
evt-011789,IT-002,IT Security,RES-007,Privileged,corporate,normal,,0,13,allowed,allowed
evt-011750,CA-002,Clinical,RES-003,Privileged,vpn,normal,,0,0,allowed,allowed
evt-011811,IT-003,IT Security,RES-023,Internal,corporate,normal,,0,3,allowed,allowed
evt-011793,IT-002,IT Security,RES-006,Privileged,external,normal,,13,13,allowed,allowed
evt-011735,ENG-012,Engineering,RES-023,Internal,vpn,normal,,0,0,allowed,allowed
evt-011746,CA-001,Clinical,RES-003,Privileged,corporate,normal,,0,15,allowed,allowed
evt-011840,IT-004,IT Security,RES-013,Confidential,corporate,normal,,0,1,allowed,allowed
evt-011722,ENG-008,Engineering,RES-026,Public,vpn,normal,,0,0,allowed,allowed
evt-011743,CA-001,Clinical,RES-025,Public,vpn,normal,,0,0,allowed,allowed
evt-011723,ENG-008,Engineering,RES-026,Public,vpn,normal,,0,0,allowed,allowed
evt-011741,HR-002,HR,RES-023,Internal,corporate,normal,,0,22,allowed,allowed
evt-011718,ENG-003,Engineering,RES-017,Internal,vpn,normal,,0,0,allowed,allowed
evt-011876,IT-005,IT Security,RES-021,Internal,vpn,normal,,0,0,allowed,allowed
evt-011731,ENG-012,Engineering,RES-022,Internal,vpn,normal,,0,0,allowed,allowed
evt-011912,IT-006,IT Security,RES-007,Privileged,vpn,normal,,0,0,allowed,allowed
evt-011717,ENG-003,Engineering,RES-011,Confidential,corporate,normal,,0,13,allowed,allowed
evt-011850,IT-004,IT Security,RES-007,Privileged,corporate,normal,,0,0,allowed,allowed
evt-011769,IT-001,IT Security,RES-013,Confidential,corporate,normal,,0,1,allowed,allowed
evt-011751,CA-002,Clinical,RES-001,Privileged,vpn,normal,,0,0,allowed,allowed
evt-011958,IT-008,IT Security,RES-017,Internal,corporate,normal,,0,1,allowed,allowed
evt-011740,HR-002,HR,RES-004,Privileged,corporate,normal,,0,26,allowed,allowed
evt-011809,IT-003,IT Security,RES-013,Confidential,corporate,normal,,0,1,allowed,allowed
evt-011976,LEG-003,Legal,RES-022,Internal,corporate,normal,,0,4,allowed,allowed
evt-011977,LEG-003,Legal,RES-025,Public,corporate,normal,,0,13,allowed,allowed
evt-011836,IT-004,IT Security,RES-017,Internal,external,normal,,15,15,allowed,allowed
evt-011853,IT-004,IT Security,RES-014,Confidential,corporate,anomalous,first_seen_device_sensitive,100,100,flagged,flagged
evt-011873,IT-005,IT Security,RES-006,Privileged,vpn,normal,,0,0,allowed,allowed
evt-011736,ENG-012,Engineering,RES-023,Internal,vpn,normal,,0,0,allowed,allowed
evt-011748,CA-002,Clinical,RES-001,Privileged,corporate,normal,,0,21,allowed,allowed
evt-011721,ENG-008,Engineering,RES-010,Confidential,vpn,normal,,0,0,allowed,allowed
evt-011794,IT-002,IT Security,RES-014,Confidential,external,normal,,1,1,allowed,allowed
evt-011969,IT-008,IT Security,RES-007,Privileged,corporate,normal,,0,0,allowed,allowed
evt-011929,IT-007,IT Security,RES-014,Confidential,corporate,normal,,0,13,allowed,allowed
evt-011834,IT-003,IT Security,RES-013,Confidential,corporate,normal,,0,13,allowed,allowed
evt-011828,IT-003,IT Security,RES-013,Confidential,corporate,normal,,0,13,allowed,allowed
evt-011728,ENG-011,Engineering,RES-018,Internal,corporate,normal,,0,13,allowed,allowed
evt-011762,IT-001,IT Security,RES-007,Privileged,vpn,normal,,0,0,allowed,allowed
evt-011798,IT-002,IT Security,RES-021,Internal,corporate,normal,,0,6,allowed,allowed
evt-011937,IT-007,IT Security,RES-014,Confidential,corporate,normal,,0,1,allowed,allowed
evt-011745,CA-001,Clinical,RES-001,Privileged,vpn,normal,,0,0,allowed,allowed
evt-011866,IT-005,IT Security,RES-006,Privileged,vpn,normal,,0,0,allowed,allowed
evt-011782,IT-002,IT Security,RES-020,Internal,external,normal,,3,3,allowed,allowed
evt-011978,LEG-003,Legal,RES-016,Confidential,corporate,normal,,1,13,allowed,allowed
evt-011893,IT-005,IT Security,RES-013,Confidential,vpn,normal,,0,0,allowed,allowed
evt-011857,IT-005,IT Security,RES-013,Confidential,vpn,normal,,0,0,allowed,allowed
evt-011968,IT-008,IT Security,RES-021,Internal,corporate,normal,,0,13,allowed,allowed
evt-011786,IT-002,IT Security,RES-021,Internal,corporate,normal,,0,6,allowed,allowed
evt-011917,IT-006,IT Security,RES-007,Privileged,vpn,normal,,0,0,allowed,allowed
evt-011788,IT-002,IT Security,RES-021,Internal,corporate,normal,,0,1,allowed,allowed
evt-011757,IT-001,IT Security,RES-020,Internal,vpn,normal,,0,0,allowed,allowed
evt-011835,IT-004,IT Security,RES-021,Internal,corporate,normal,,0,1,allowed,allowed
evt-011886,IT-005,IT Security,RES-014,Confidential,vpn,normal,,0,0,allowed,allowed
evt-011804,IT-002,IT Security,RES-017,Internal,external,normal,,6,6,allowed,allowed
evt-011767,IT-001,IT Security,RES-014,Confidential,vpn,normal,,0,0,allowed,allowed
evt-011730,ENG-012,Engineering,RES-026,Public,vpn,normal,,0,0,allowed,allowed
evt-011800,IT-002,IT Security,RES-004,Privileged,external,normal,,3,3,allowed,allowed
evt-011845,IT-004,IT Security,RES-001,Privileged,corporate,normal,,1,1,allowed,allowed
evt-011842,IT-004,IT Security,RES-014,Confidential,external,normal,,1,1,allowed,allowed
evt-011771,IT-001,IT Security,RES-021,Internal,vpn,normal,,0,0,allowed,allowed
evt-011869,IT-005,IT Security,RES-007,Privileged,vpn,normal,,0,0,allowed,allowed
evt-011933,IT-007,IT Security,RES-007,Privileged,corporate,normal,,0,0,allowed,allowed
evt-011872,IT-005,IT Security,RES-013,Confidential,vpn,normal,,0,0,allowed,allowed
evt-011894,IT-006,IT Security,RES-013,Confidential,vpn,normal,,0,0,allowed,allowed
evt-011738,ENG-014,Engineering,RES-025,Public,corporate,normal,,0,4,allowed,allowed
evt-011975,LEG-003,Legal,RES-015,Confidential,corporate,normal,,1,1,allowed,allowed
evt-011883,IT-005,IT Security,RES-013,Confidential,vpn,normal,,0,0,allowed,allowed
evt-011926,IT-007,IT Security,RES-006,Privileged,corporate,normal,,0,1,allowed,allowed
evt-011862,IT-005,IT Security,RES-010,Confidential,corporate,anomalous,first_seen_device_sensitive,99,99,flagged,flagged
evt-011923,IT-006,IT Security,RES-020,Internal,vpn,normal,,0,0,allowed,allowed
evt-011913,IT-006,IT Security,RES-020,Internal,vpn,normal,,0,0,allowed,allowed
evt-011851,IT-004,IT Security,RES-007,Privileged,corporate,normal,,0,1,allowed,allowed
evt-011744,CA-001,Clinical,RES-022,Internal,corporate,normal,,0,1,allowed,allowed
evt-011729,ENG-011,Engineering,RES-018,Internal,corporate,normal,,0,6,allowed,allowed
evt-011943,IT-007,IT Security,RES-010,Confidential,corporate,normal,,0,1,allowed,allowed
evt-011934,IT-007,IT Security,RES-010,Confidential,corporate,normal,,0,0,allowed,allowed
evt-011949,IT-007,IT Security,RES-021,Internal,corporate,normal,,0,1,allowed,allowed
evt-011839,IT-004,IT Security,RES-006,Privileged,external,normal,,1,1,allowed,allowed
evt-011832,IT-003,IT Security,RES-010,Confidential,corporate,normal,,0,4,allowed,allowed
evt-011855,IT-004,IT Security,RES-010,Confidential,corporate,normal,,0,1,allowed,allowed
evt-011821,IT-003,IT Security,RES-006,Privileged,corporate,normal,,0,6,allowed,allowed
evt-011787,IT-002,IT Security,RES-007,Privileged,corporate,normal,,0,0,allowed,allowed
evt-011803,IT-002,IT Security,RES-021,Internal,external,normal,,1,1,allowed,allowed
evt-011861,IT-005,IT Security,RES-006,Privileged,vpn,normal,,0,0,allowed,allowed
evt-011838,IT-004,IT Security,RES-007,Privileged,corporate,normal,,0,0,allowed,allowed
evt-011902,IT-006,IT Security,RES-007,Privileged,vpn,normal,,0,0,allowed,allowed
evt-011930,IT-007,IT Security,RES-026,Public,corporate,normal,,0,1,allowed,allowed
evt-011774,IT-001,IT Security,RES-007,Privileged,vpn,normal,,0,0,allowed,allowed
evt-011966,IT-008,IT Security,RES-007,Privileged,corporate,normal,,0,0,allowed,allowed
evt-011870,IT-005,IT Security,RES-021,Internal,vpn,normal,,0,0,allowed,allowed
evt-011914,IT-006,IT Security,RES-007,Privileged,vpn,normal,,0,0,allowed,allowed
evt-011967,IT-008,IT Security,RES-014,Confidential,corporate,normal,,0,0,allowed,allowed
evt-011964,IT-008,IT Security,RES-023,Internal,corporate,normal,,0,1,allowed,allowed
evt-011938,IT-007,IT Security,RES-007,Privileged,corporate,normal,,0,0,allowed,allowed
evt-011900,IT-006,IT Security,RES-006,Privileged,vpn,normal,,0,0,allowed,allowed
evt-011919,IT-006,IT Security,RES-001,Privileged,vpn,normal,,0,0,allowed,allowed
evt-011755,IT-001,IT Security,RES-014,Confidential,corporate,normal,,0,1,allowed,allowed
evt-011844,IT-004,IT Security,RES-026,Public,corporate,normal,,0,0,allowed,allowed
evt-011882,IT-005,IT Security,RES-013,Confidential,vpn,normal,,0,0,allowed,allowed
evt-011795,IT-002,IT Security,RES-026,Public,external,normal,,0,0,allowed,allowed
evt-011899,IT-006,IT Security,RES-013,Confidential,vpn,normal,,0,0,allowed,allowed
evt-011829,IT-003,IT Security,RES-021,Internal,corporate,normal,,0,0,allowed,allowed
evt-011807,IT-002,IT Security,RES-007,Privileged,external,normal,,0,0,allowed,allowed
evt-011805,IT-002,IT Security,RES-026,Public,external,normal,,0,0,allowed,allowed
evt-011953,IT-007,IT Security,RES-007,Privileged,corporate,normal,,0,0,allowed,allowed
evt-011796,IT-002,IT Security,RES-001,Privileged,corporate,normal,,1,1,allowed,allowed
evt-011734,ENG-012,Engineering,RES-018,Internal,corporate,normal,,0,0,allowed,allowed
evt-011732,ENG-012,Engineering,RES-017,Internal,vpn,normal,,0,0,allowed,allowed
evt-011940,IT-007,IT Security,RES-010,Confidential,corporate,normal,,0,0,allowed,allowed
evt-011884,IT-005,IT Security,RES-026,Public,corporate,normal,,0,0,allowed,allowed
evt-011971,IT-008,IT Security,RES-001,Privileged,corporate,normal,,1,1,allowed,allowed
evt-011960,IT-008,IT Security,RES-006,Privileged,corporate,normal,,0,0,allowed,allowed
evt-011864,IT-005,IT Security,RES-023,Internal,vpn,normal,,0,0,allowed,allowed
evt-011779,IT-002,IT Security,RES-021,Internal,corporate,normal,,0,0,allowed,allowed
evt-011952,IT-007,IT Security,RES-021,Internal,corporate,normal,,0,0,allowed,allowed
evt-011784,IT-002,IT Security,RES-007,Privileged,external,normal,,0,0,allowed,allowed
evt-011765,IT-001,IT Security,RES-007,Privileged,vpn,normal,,0,0,allowed,allowed
evt-011924,IT-007,IT Security,RES-020,Internal,corporate,normal,,0,0,allowed,allowed
evt-011945,IT-007,IT Security,RES-023,Internal,corporate,normal,,0,0,allowed,allowed
evt-011753,IT-001,IT Security,RES-013,Confidential,corporate,normal,,0,0,allowed,allowed
evt-011903,IT-006,IT Security,RES-017,Internal,vpn,normal,,0,0,allowed,allowed
evt-011898,IT-006,IT Security,RES-014,Confidential,vpn,normal,,0,0,allowed,allowed
evt-011802,IT-002,IT Security,RES-026,Public,external,normal,,0,0,allowed,allowed
evt-011831,IT-003,IT Security,RES-006,Privileged,corporate,normal,,0,0,allowed,allowed
evt-011780,IT-002,IT Security,RES-007,Privileged,corporate,normal,,0,0,allowed,allowed
evt-011939,IT-007,IT Security,RES-014,Confidential,corporate,anomalous,first_seen_device_sensitive,99,99,flagged,flagged
evt-011878,IT-005,IT Security,RES-013,Confidential,corporate,normal,,0,0,allowed,allowed
evt-011816,IT-003,IT Security,RES-013,Confidential,corporate,normal,,0,0,allowed,allowed
evt-011754,IT-001,IT Security,RES-013,Confidential,vpn,normal,,0,0,allowed,allowed
evt-011761,IT-001,IT Security,RES-023,Internal,corporate,normal,,0,1,allowed,allowed
evt-011868,IT-005,IT Security,RES-010,Confidential,corporate,normal,,0,0,allowed,allowed
evt-011810,IT-003,IT Security,RES-020,Internal,corporate,normal,,0,0,allowed,allowed
evt-011858,IT-005,IT Security,RES-013,Confidential,vpn,normal,,0,0,allowed,allowed
evt-011760,IT-001,IT Security,RES-020,Internal,vpn,normal,,0,0,allowed,allowed
evt-011881,IT-005,IT Security,RES-014,Confidential,vpn,normal,,0,0,allowed,allowed
evt-011856,IT-004,IT Security,RES-013,Confidential,corporate,normal,,0,0,allowed,allowed
evt-011874,IT-005,IT Security,RES-017,Internal,vpn,normal,,0,0,allowed,allowed
evt-011792,IT-002,IT Security,RES-023,Internal,corporate,normal,,0,0,allowed,allowed
evt-011973,IT-008,IT Security,RES-006,Privileged,corporate,normal,,0,0,allowed,allowed
evt-011921,IT-006,IT Security,RES-001,Privileged,vpn,normal,,0,0,allowed,allowed
evt-011833,IT-003,IT Security,RES-013,Confidential,corporate,normal,,0,0,allowed,allowed
evt-011889,IT-005,IT Security,RES-020,Internal,vpn,normal,,0,0,allowed,allowed
evt-011932,IT-007,IT Security,RES-006,Privileged,corporate,normal,,0,0,allowed,allowed
evt-011892,IT-005,IT Security,RES-020,Internal,vpn,normal,,0,0,allowed,allowed
evt-011770,IT-001,IT Security,RES-026,Public,vpn,normal,,0,0,allowed,allowed
evt-011819,IT-003,IT Security,RES-014,Confidential,corporate,normal,,0,0,allowed,allowed
evt-011823,IT-003,IT Security,RES-013,Confidential,corporate,normal,,0,0,allowed,allowed
evt-011918,IT-006,IT Security,RES-006,Privileged,vpn,normal,,0,0,allowed,allowed
evt-011928,IT-007,IT Security,RES-014,Confidential,corporate,normal,,0,0,allowed,allowed
evt-011957,IT-008,IT Security,RES-007,Privileged,corporate,normal,,0,0,allowed,allowed
evt-011812,IT-003,IT Security,RES-014,Confidential,corporate,normal,,0,0,allowed,allowed
evt-011936,IT-007,IT Security,RES-010,Confidential,corporate,normal,,0,0,allowed,allowed
evt-011970,IT-008,IT Security,RES-017,Internal,corporate,normal,,0,0,allowed,allowed
evt-011846,IT-004,IT Security,RES-007,Privileged,corporate,normal,,0,0,allowed,allowed
evt-011773,IT-001,IT Security,RES-014,Confidential,vpn,normal,,0,0,allowed,allowed
evt-011946,IT-007,IT Security,RES-006,Privileged,corporate,normal,,0,0,allowed,allowed
evt-011781,IT-002,IT Security,RES-006,Privileged,corporate,normal,,0,0,allowed,allowed
evt-011768,IT-001,IT Security,RES-013,Confidential,vpn,normal,,0,0,allowed,allowed
evt-011852,IT-004,IT Security,RES-013,Confidential,corporate,normal,,0,0,allowed,allowed
evt-011909,IT-006,IT Security,RES-021,Internal,vpn,normal,,0,0,allowed,allowed
evt-011776,IT-001,IT Security,RES-017,Internal,vpn,normal,,0,0,allowed,allowed
evt-011959,IT-008,IT Security,RES-013,Confidential,corporate,normal,,0,0,allowed,allowed
evt-011865,IT-005,IT Security,RES-014,Confidential,corporate,normal,,0,0,allowed,allowed
evt-011775,IT-001,IT Security,RES-017,Internal,vpn,normal,,0,0,allowed,allowed
evt-011863,IT-005,IT Security,RES-001,Privileged,vpn,normal,,1,1,allowed,allowed
evt-011931,IT-007,IT Security,RES-013,Confidential,corporate,anomalous,first_seen_device_sensitive,99,99,flagged,flagged
evt-011974,IT-008,IT Security,RES-014,Confidential,corporate,normal,,0,0,allowed,allowed
evt-011824,IT-003,IT Security,RES-026,Public,corporate,normal,,0,0,allowed,allowed
evt-011763,IT-001,IT Security,RES-013,Confidential,vpn,normal,,0,0,allowed,allowed
evt-011927,IT-007,IT Security,RES-026,Public,corporate,normal,,0,0,allowed,allowed
evt-011895,IT-006,IT Security,RES-013,Confidential,vpn,normal,,0,0,allowed,allowed
evt-011867,IT-005,IT Security,RES-007,Privileged,corporate,normal,,0,0,allowed,allowed
evt-011797,IT-002,IT Security,RES-014,Confidential,external,normal,,0,0,allowed,allowed
evt-011847,IT-004,IT Security,RES-014,Confidential,corporate,normal,,0,0,allowed,allowed
evt-011890,IT-005,IT Security,RES-014,Confidential,corporate,normal,,0,0,allowed,allowed
evt-012117,IT-006,IT Security,RES-023,Internal,vpn,normal,,0,0,allowed,allowed
evt-012055,IT-003,IT Security,RES-026,Public,corporate,normal,,0,0,allowed,allowed
evt-012053,IT-003,IT Security,RES-020,Internal,corporate,normal,,0,0,allowed,allowed
evt-012131,IT-007,IT Security,RES-013,Confidential,external,normal,,0,0,allowed,allowed
evt-012113,IT-006,IT Security,RES-023,Internal,vpn,normal,,0,0,allowed,allowed
evt-011998,IT-001,IT Security,RES-007,Privileged,vpn,normal,,0,0,allowed,allowed
evt-012092,IT-004,IT Security,RES-007,Privileged,vpn,normal,,0,0,allowed,allowed
evt-012054,IT-003,IT Security,RES-007,Privileged,corporate,normal,,0,0,allowed,allowed
evt-012153,IT-008,IT Security,RES-013,Confidential,vpn,normal,,0,0,allowed,allowed
evt-012060,IT-003,IT Security,RES-026,Public,corporate,normal,,0,1,allowed,allowed
evt-012038,IT-003,IT Security,RES-017,Internal,corporate,normal,,0,0,allowed,allowed
evt-012016,IT-002,IT Security,RES-014,Confidential,corporate,normal,,0,0,allowed,allowed
evt-012068,IT-004,IT Security,RES-013,Confidential,vpn,normal,,0,0,allowed,allowed
evt-012123,IT-006,IT Security,RES-023,Internal,external,normal,,1,1,allowed,allowed
evt-012134,IT-007,IT Security,RES-007,Privileged,corporate,normal,,0,0,allowed,allowed
evt-012019,IT-002,IT Security,RES-013,Confidential,vpn,normal,,0,0,allowed,allowed
evt-012133,IT-007,IT Security,RES-006,Privileged,corporate,normal,,0,0,allowed,allowed
evt-012013,IT-002,IT Security,RES-020,Internal,corporate,normal,,0,1,allowed,allowed
evt-012101,IT-005,IT Security,RES-013,Confidential,corporate,normal,,0,0,allowed,allowed
evt-012023,IT-002,IT Security,RES-006,Privileged,corporate,normal,,1,0,allowed,allowed
evt-012145,IT-007,IT Security,RES-007,Privileged,vpn,normal,,0,0,allowed,allowed
evt-012119,IT-006,IT Security,RES-014,Confidential,vpn,normal,,0,0,allowed,allowed
evt-012161,IT-008,IT Security,RES-001,Privileged,vpn,normal,,1,1,allowed,allowed
evt-012024,IT-002,IT Security,RES-013,Confidential,corporate,normal,,0,0,allowed,allowed
evt-012048,IT-003,IT Security,RES-020,Internal,corporate,normal,,0,0,allowed,allowed
evt-012040,IT-003,IT Security,RES-021,Internal,corporate,normal,,0,0,allowed,allowed
evt-012017,IT-002,IT Security,RES-010,Confidential,corporate,normal,,1,1,allowed,allowed
evt-012160,IT-008,IT Security,RES-026,Public,vpn,normal,,0,0,allowed,allowed
evt-012099,IT-005,IT Security,RES-021,Internal,corporate,normal,,0,0,allowed,allowed
evt-012009,IT-001,IT Security,RES-014,Confidential,corporate,normal,,0,0,allowed,allowed
evt-012004,IT-001,IT Security,RES-006,Privileged,corporate,normal,,0,0,allowed,allowed
evt-012110,IT-005,IT Security,RES-013,Confidential,corporate,normal,,0,0,allowed,allowed
evt-012114,IT-006,IT Security,RES-014,Confidential,vpn,normal,,0,0,allowed,allowed
evt-012125,IT-006,IT Security,RES-014,Confidential,external,normal,,0,0,allowed,allowed
evt-012027,IT-002,IT Security,RES-023,Internal,vpn,normal,,0,0,allowed,allowed
evt-012140,IT-007,IT Security,RES-020,Internal,corporate,normal,,0,0,allowed,allowed
evt-012130,IT-007,IT Security,RES-020,Internal,vpn,normal,,0,0,allowed,allowed
evt-012005,IT-001,IT Security,RES-026,Public,corporate,normal,,0,1,allowed,allowed
evt-012116,IT-006,IT Security,RES-006,Privileged,external,normal,,1,1,allowed,allowed
evt-012003,IT-001,IT Security,RES-014,Confidential,vpn,normal,,0,0,allowed,allowed
evt-012073,IT-004,IT Security,RES-020,Internal,vpn,normal,,0,0,allowed,allowed
evt-012097,IT-005,IT Security,RES-013,Confidential,external,normal,,0,0,allowed,allowed
evt-012118,IT-006,IT Security,RES-014,Confidential,external,normal,,1,1,allowed,allowed
evt-012107,IT-005,IT Security,RES-006,Privileged,external,normal,,1,1,allowed,allowed
evt-012129,IT-007,IT Security,RES-007,Privileged,vpn,normal,,0,0,allowed,allowed
evt-012056,IT-003,IT Security,RES-013,Confidential,corporate,normal,,0,0,allowed,allowed
evt-012132,IT-007,IT Security,RES-020,Internal,vpn,normal,,0,0,allowed,allowed
evt-012154,IT-008,IT Security,RES-020,Internal,vpn,normal,,0,0,allowed,allowed
evt-012171,IT-008,IT Security,RES-013,Confidential,vpn,normal,,0,0,allowed,allowed
evt-012061,IT-003,IT Security,RES-026,Public,corporate,normal,,0,1,allowed,allowed
evt-012137,IT-007,IT Security,RES-006,Privileged,external,normal,,1,1,allowed,allowed
evt-012147,IT-007,IT Security,RES-021,Internal,vpn,normal,,0,0,allowed,allowed
evt-012111,IT-005,IT Security,RES-014,Confidential,corporate,normal,,0,1,allowed,allowed
evt-012049,IT-003,IT Security,RES-006,Privileged,corporate,normal,,0,1,allowed,allowed
evt-011982,ENG-008,Engineering,RES-019,Internal,vpn,normal,,0,0,allowed,allowed
evt-012032,IT-002,IT Security,RES-013,Confidential,vpn,normal,,0,0,allowed,allowed
evt-011980,ENG-005,Engineering,RES-010,Confidential,vpn,normal,,0,0,allowed,allowed
evt-011981,ENG-005,Engineering,RES-017,Internal,vpn,normal,,0,0,allowed,allowed
evt-011995,IT-001,IT Security,RES-010,Confidential,corporate,normal,,0,1,allowed,allowed
evt-012059,IT-003,IT Security,RES-026,Public,corporate,normal,,0,1,allowed,allowed
evt-012149,IT-007,IT Security,RES-007,Privileged,vpn,normal,,0,0,allowed,allowed
evt-011979,ENG-005,Engineering,RES-026,Public,vpn,normal,,0,0,allowed,allowed
evt-011987,ENG-010,Engineering,RES-010,Confidential,corporate,normal,,0,1,allowed,allowed
evt-012065,IT-004,IT Security,RES-013,Confidential,vpn,normal,,0,0,allowed,allowed
evt-012076,IT-004,IT Security,RES-020,Internal,vpn,normal,,0,0,allowed,allowed
evt-012014,IT-002,IT Security,RES-010,Confidential,corporate,normal,,0,1,allowed,allowed
evt-012146,IT-007,IT Security,RES-020,Internal,corporate,normal,,0,1,allowed,allowed
evt-012165,IT-008,IT Security,RES-013,Confidential,vpn,normal,,0,0,allowed,allowed
evt-011988,ENG-010,Engineering,RES-011,Confidential,vpn,normal,,24,24,allowed,allowed
evt-011984,ENG-008,Engineering,RES-017,Internal,corporate,normal,,0,13,allowed,allowed
evt-012031,IT-002,IT Security,RES-026,Public,vpn,normal,,0,0,allowed,allowed
evt-012124,IT-006,IT Security,RES-014,Confidential,vpn,normal,,0,0,allowed,allowed
evt-012155,IT-008,IT Security,RES-013,Confidential,vpn,normal,,0,0,allowed,allowed
evt-012029,IT-002,IT Security,RES-007,Privileged,corporate,normal,,0,1,allowed,allowed
evt-012128,IT-007,IT Security,RES-013,Confidential,corporate,normal,,0,0,allowed,allowed
evt-012021,IT-002,IT Security,RES-026,Public,vpn,normal,,0,0,allowed,allowed
evt-012142,IT-007,IT Security,RES-026,Public,corporate,normal,,0,13,allowed,allowed
evt-011986,ENG-010,Engineering,RES-026,Public,vpn,normal,,0,0,allowed,allowed
evt-012172,IT-008,IT Security,RES-013,Confidential,vpn,normal,,0,0,allowed,allowed
evt-012168,IT-008,IT Security,RES-020,Internal,vpn,normal,,0,0,allowed,allowed
evt-012052,IT-003,IT Security,RES-020,Internal,corporate,normal,,0,1,allowed,allowed
evt-012094,IT-004,IT Security,RES-013,Confidential,vpn,normal,,0,0,allowed,allowed
evt-011983,ENG-008,Engineering,RES-026,Public,corporate,normal,,0,15,allowed,allowed
evt-012090,IT-004,IT Security,RES-006,Privileged,vpn,normal,,0,0,allowed,allowed
evt-011989,ENG-013,Engineering,RES-022,Internal,corporate,normal,,0,22,allowed,allowed
evt-012106,IT-005,IT Security,RES-026,Public,corporate,normal,,0,1,allowed,allowed
evt-012081,IT-004,IT Security,RES-013,Confidential,vpn,normal,,0,0,allowed,allowed
evt-012115,IT-006,IT Security,RES-026,Public,external,normal,,1,1,allowed,allowed
evt-012041,IT-003,IT Security,RES-020,Internal,corporate,normal,,0,1,allowed,allowed
evt-012158,IT-008,IT Security,RES-026,Public,vpn,normal,,0,0,allowed,allowed
evt-012064,IT-003,IT Security,RES-026,Public,corporate,normal,,0,1,allowed,allowed
evt-011985,ENG-008,Engineering,RES-017,Internal,vpn,normal,,0,0,allowed,allowed
evt-012058,IT-003,IT Security,RES-023,Internal,corporate,normal,,0,16,allowed,allowed
evt-012047,IT-003,IT Security,RES-007,Privileged,corporate,normal,,0,20,allowed,allowed
evt-012126,IT-006,IT Security,RES-026,Public,vpn,normal,,0,0,allowed,allowed
evt-012127,IT-006,IT Security,RES-006,Privileged,external,normal,,13,13,allowed,allowed
evt-012104,IT-005,IT Security,RES-017,Internal,external,normal,,13,13,allowed,allowed
evt-012066,IT-004,IT Security,RES-020,Internal,vpn,normal,,0,0,allowed,allowed
evt-012167,IT-008,IT Security,RES-017,Internal,vpn,normal,,0,0,allowed,allowed
evt-012144,IT-007,IT Security,RES-013,Confidential,external,normal,,20,20,allowed,allowed
evt-012025,IT-002,IT Security,RES-026,Public,vpn,normal,,0,0,allowed,allowed
evt-012084,IT-004,IT Security,RES-026,Public,vpn,normal,,0,0,allowed,allowed
evt-012089,IT-004,IT Security,RES-007,Privileged,vpn,normal,,0,0,allowed,allowed
evt-012120,IT-006,IT Security,RES-014,Confidential,vpn,normal,,0,0,allowed,allowed
evt-011994,IT-001,IT Security,RES-013,Confidential,corporate,normal,,0,13,allowed,allowed
evt-012141,IT-007,IT Security,RES-020,Internal,corporate,normal,,0,13,allowed,allowed
evt-012072,IT-004,IT Security,RES-014,Confidential,vpn,normal,,0,0,allowed,allowed
evt-012028,IT-002,IT Security,RES-026,Public,corporate,normal,,0,19,allowed,allowed
evt-012037,IT-003,IT Security,RES-006,Privileged,corporate,normal,,0,13,allowed,allowed
evt-012070,IT-004,IT Security,RES-007,Privileged,vpn,normal,,0,0,allowed,allowed
evt-012075,IT-004,IT Security,RES-007,Privileged,vpn,normal,,0,0,allowed,allowed
evt-012051,IT-003,IT Security,RES-007,Privileged,corporate,normal,,0,13,allowed,allowed
evt-012050,IT-003,IT Security,RES-013,Confidential,corporate,normal,,0,13,allowed,allowed
evt-012152,IT-008,IT Security,RES-013,Confidential,vpn,normal,,0,0,allowed,allowed
evt-012057,IT-003,IT Security,RES-006,Privileged,corporate,normal,,0,13,allowed,allowed
evt-012000,IT-001,IT Security,RES-007,Privileged,vpn,normal,,0,0,allowed,allowed
evt-012139,IT-007,IT Security,RES-007,Privileged,vpn,normal,,0,0,allowed,allowed
evt-011997,IT-001,IT Security,RES-007,Privileged,vpn,normal,,0,0,allowed,allowed
evt-012136,IT-007,IT Security,RES-013,Confidential,corporate,normal,,0,1,allowed,allowed
evt-012156,IT-008,IT Security,RES-010,Confidential,vpn,normal,,0,0,allowed,allowed
evt-012105,IT-005,IT Security,RES-007,Privileged,corporate,normal,,0,0,allowed,allowed
evt-012096,IT-004,IT Security,RES-006,Privileged,vpn,normal,,0,0,allowed,allowed
evt-012082,IT-004,IT Security,RES-014,Confidential,vpn,anomalous,first_seen_device_sensitive,100,100,flagged,flagged
evt-012043,IT-003,IT Security,RES-006,Privileged,corporate,normal,,0,1,allowed,allowed
evt-012006,IT-001,IT Security,RES-014,Confidential,corporate,normal,,0,0,allowed,allowed
evt-012135,IT-007,IT Security,RES-021,Internal,external,normal,,0,0,allowed,allowed
evt-012034,IT-002,IT Security,RES-014,Confidential,vpn,normal,,0,0,allowed,allowed
evt-012077,IT-004,IT Security,RES-013,Confidential,vpn,normal,,0,0,allowed,allowed
evt-012015,IT-002,IT Security,RES-021,Internal,vpn,normal,,0,0,allowed,allowed
evt-012062,IT-003,IT Security,RES-004,Privileged,corporate,normal,,0,4,allowed,allowed
evt-012018,IT-002,IT Security,RES-007,Privileged,corporate,anomalous,first_seen_device_sensitive,99,99,flagged,flagged
evt-011990,IT-001,IT Security,RES-013,Confidential,vpn,normal,,0,0,allowed,allowed
evt-012012,IT-002,IT Security,RES-007,Privileged,vpn,normal,,0,0,allowed,allowed
evt-012151,IT-008,IT Security,RES-010,Confidential,vpn,normal,,0,0,allowed,allowed
evt-012069,IT-004,IT Security,RES-007,Privileged,vpn,normal,,0,0,allowed,allowed
evt-012143,IT-007,IT Security,RES-007,Privileged,vpn,normal,,0,0,allowed,allowed
evt-012121,IT-006,IT Security,RES-014,Confidential,vpn,normal,,0,0,allowed,allowed
evt-012083,IT-004,IT Security,RES-001,Privileged,vpn,normal,,1,1,allowed,allowed
evt-012102,IT-005,IT Security,RES-013,Confidential,external,normal,,0,0,allowed,allowed
evt-012063,IT-003,IT Security,RES-020,Internal,corporate,normal,,0,0,allowed,allowed
evt-012007,IT-001,IT Security,RES-013,Confidential,vpn,normal,,0,0,allowed,allowed
evt-012169,IT-008,IT Security,RES-006,Privileged,vpn,normal,,0,0,allowed,allowed
evt-012008,IT-001,IT Security,RES-013,Confidential,corporate,normal,,0,0,allowed,allowed
evt-012030,IT-002,IT Security,RES-004,Privileged,corporate,normal,,0,1,allowed,allowed
evt-012162,IT-008,IT Security,RES-013,Confidential,vpn,normal,,0,0,allowed,allowed
evt-012148,IT-007,IT Security,RES-017,Internal,corporate,normal,,0,0,allowed,allowed
evt-012138,IT-007,IT Security,RES-021,Internal,vpn,normal,,0,0,allowed,allowed
evt-012026,IT-002,IT Security,RES-014,Confidential,corporate,normal,,0,0,allowed,allowed
evt-012011,IT-002,IT Security,RES-020,Internal,corporate,normal,,0,0,allowed,allowed
evt-011993,IT-001,IT Security,RES-014,Confidential,vpn,normal,,0,0,allowed,allowed
evt-012022,IT-002,IT Security,RES-004,Privileged,corporate,normal,,1,1,allowed,allowed
evt-012035,IT-003,IT Security,RES-006,Privileged,corporate,normal,,0,1,allowed,allowed
evt-012079,IT-004,IT Security,RES-014,Confidential,vpn,normal,,0,0,allowed,allowed
evt-012001,IT-001,IT Security,RES-013,Confidential,corporate,normal,,0,0,allowed,allowed
evt-012109,IT-005,IT Security,RES-014,Confidential,external,normal,,0,0,allowed,allowed
evt-012085,IT-004,IT Security,RES-013,Confidential,vpn,normal,,0,0,allowed,allowed
evt-012103,IT-005,IT Security,RES-013,Confidential,corporate,normal,,0,0,allowed,allowed
evt-012010,IT-001,IT Security,RES-021,Internal,vpn,normal,,0,0,allowed,allowed
evt-012091,IT-004,IT Security,RES-006,Privileged,vpn,normal,,0,0,allowed,allowed
evt-011996,IT-001,IT Security,RES-007,Privileged,vpn,normal,,0,0,allowed,allowed
evt-012095,IT-004,IT Security,RES-007,Privileged,vpn,normal,,0,0,allowed,allowed
evt-012086,IT-004,IT Security,RES-007,Privileged,vpn,normal,,0,0,allowed,allowed
evt-012159,IT-008,IT Security,RES-021,Internal,vpn,normal,,0,0,allowed,allowed
evt-012100,IT-005,IT Security,RES-014,Confidential,corporate,normal,,0,1,allowed,allowed
evt-012080,IT-004,IT Security,RES-017,Internal,vpn,normal,,0,0,allowed,allowed
evt-012150,IT-007,IT Security,RES-007,Privileged,vpn,normal,,0,0,allowed,allowed
evt-012122,IT-006,IT Security,RES-020,Internal,external,normal,,0,0,allowed,allowed
evt-012163,IT-008,IT Security,RES-021,Internal,vpn,normal,,0,0,allowed,allowed
evt-012093,IT-004,IT Security,RES-023,Internal,vpn,normal,,0,0,allowed,allowed
evt-012098,IT-005,IT Security,RES-026,Public,corporate,normal,,0,1,allowed,allowed
evt-011992,IT-001,IT Security,RES-001,Privileged,vpn,normal,,0,0,allowed,allowed
evt-012166,IT-008,IT Security,RES-014,Confidential,vpn,normal,,0,0,allowed,allowed
evt-012002,IT-001,IT Security,RES-026,Public,vpn,normal,,0,0,allowed,allowed
evt-012039,IT-003,IT Security,RES-013,Confidential,corporate,normal,,0,0,allowed,allowed
evt-012044,IT-003,IT Security,RES-001,Privileged,corporate,normal,,0,1,allowed,allowed
evt-012173,IT-008,IT Security,RES-013,Confidential,vpn,normal,,0,0,allowed,allowed
evt-012071,IT-004,IT Security,RES-014,Confidential,vpn,normal,,0,0,allowed,allowed
evt-011999,IT-001,IT Security,RES-014,Confidential,vpn,normal,,0,0,allowed,allowed
evt-012078,IT-004,IT Security,RES-013,Confidential,vpn,normal,,0,0,allowed,allowed
evt-012087,IT-004,IT Security,RES-014,Confidential,vpn,normal,,0,0,allowed,allowed
evt-012036,IT-003,IT Security,RES-006,Privileged,corporate,normal,,0,0,allowed,allowed
evt-012108,IT-005,IT Security,RES-007,Privileged,corporate,normal,,0,0,allowed,allowed
evt-012112,IT-006,IT Security,RES-013,Confidential,vpn,normal,,0,0,allowed,allowed
evt-012157,IT-008,IT Security,RES-007,Privileged,vpn,normal,,0,0,allowed,allowed
evt-012042,IT-003,IT Security,RES-013,Confidential,corporate,normal,,0,0,allowed,allowed
evt-012045,IT-003,IT Security,RES-020,Internal,corporate,normal,,0,0,allowed,allowed
evt-011991,IT-001,IT Security,RES-023,Internal,corporate,normal,,0,0,allowed,allowed
evt-012033,IT-002,IT Security,RES-007,Privileged,vpn,normal,,0,0,allowed,allowed
evt-012046,IT-003,IT Security,RES-020,Internal,corporate,normal,,0,0,allowed,allowed
evt-012074,IT-004,IT Security,RES-026,Public,vpn,normal,,0,0,allowed,allowed
evt-012067,IT-004,IT Security,RES-006,Privileged,vpn,normal,,0,0,allowed,allowed
evt-012170,IT-008,IT Security,RES-010,Confidential,vpn,normal,,0,0,allowed,allowed
evt-012088,IT-004,IT Security,RES-020,Internal,vpn,normal,,0,0,allowed,allowed
evt-012020,IT-002,IT Security,RES-017,Internal,vpn,normal,,0,0,allowed,allowed
evt-012164,IT-008,IT Security,RES-017,Internal,vpn,normal,,0,0,allowed,allowed
